element,id,geometry,addr:city,addr:postcode,addr:street,amenity,check_date,name,name:kn,emergency,healthcare,addr:housename,designation,addr:district,addr:full,addr:state,level,source,wheelchair,addr:housenumber,name:en,operator,operator:short,operator:type,operator:wikidata,name:ta,addr:country,phone,website,email,healthcare:speciality,addr:floor,opening_hours,note,addr:subdistrict,short_name,branch,mobile,barrier,boundary,name:etymology:wikidata,wikidata,building,fixme:website,religion,alt_name,education,building:levels,description,wikipedia,landuse,old_name,payment:cash,payment:credit_cards,payment:debit_cards,payment:mastercard,payment:visa,roof:levels,roof:shape,toilets:wheelchair,grades,contact:phone,facebook,twitter,type,building:colour,layer,min_level
node,514307734,POINT (77.7183757 12.9853135),"Hoodi, Mahadevapura, Bangalore",560048,Basava Nagar Main Road,school,24-03-2026,Gopalan International Schoool,ýýýýýýýýýýýýýýýýýý ýýýýýýýýýýýýýýýýýýýýýýýýýýýýýýýýýýýý ýýýýýýýýýýýý,,,,,,,,,,,,,,,,,,,,,,,,,,,,,,,,,,,,,,,,,,,,,,,,,,,,,,,,,,,
node,518624061,POINT (77.7167666 12.9934221),,,Hoodi Main Road,school,,Hoodi High School,ýýýýýýýýýýýý ýýýýýýýýýýýýýýýýýýýýýýýýýýý,,,,,,,,,,,,,,,,,,,,,,,,,,,,,,,,,,,,,,,,,,,,,,,,,,,,,,,,,,,
node,671185206,POINT (77.7137961 12.960765),,,,hospital,,Hema Poly Clinic,,,,,,,,,,,,,,,,,,,,,,,,,,,,,,,,,,,,,,,,,,,,,,,,,,,,,,,,,,,,
node,975680681,POINT (77.7112689 12.9559302),Bangalore,,Varthur Road,hospital,,Yashomathi Hospitals,,yes,hospital,,,,,,,,,,,,,,,,,,,,,,,,,,,,,,,,,,,,,,,,,,,,,,,,,,,,,,,,,
node,986732874,POINT (77.679021 12.985118),,,,school,,Mother Montessori House of Children Pre-school,,,,,,,,,,,,,,,,,,,,,,,,,,,,,,,,,,,,,,,,,,,,,,,,,,,,,,,,,,,,
node,986744080,POINT (77.679729 12.977267),,,,school,,LR International School,,,,,,,,,,,,,,,,,,,,,,,,,,,,,,,,,,,,,,,,,,,,,,,,,,,,,,,,,,,,
node,1066041424,POINT (77.7315275 12.9635071),,,,school,,The Dunmore House Preschool,,,,,,,,,,,,,,,,,,,,,,,,,,,,,,,,,,,,,,,,,,,,,,,,,,,,,,,,,,,,
node,1078316967,POINT (77.7476906 12.9625721),,,,school,24-05-2025,Neev School,,,,,,,,,,,,,,,,,,,,,,,,,,,,,,,,,,,,,,,,,,,,,,,,,,,,,,,,,,,,
node,1093355147,POINT (77.7250546 12.9781581),,,,school,,Jetking Computer Hardware and Networking,,,,,,,,,,,,,,,,,,,,,,,,,,,,,,,,,,,,,,,,,,,,,,,,,,,,,,,,,,,,
node,1093355153,POINT (77.7271089 12.9797287),,,,hospital,,Dr. Batra Clinic,,,,,,,,,,,,,,,,,,,,,,,,,,,,,,,,,,,,,,,,,,,,,,,,,,,,,,,,,,,,
node,1126186796,POINT (77.748098 12.979677),,,,school,,,,,,Holy Cross School & College,Educational Organization,,,,,,,,,,,,,,,,,,,,,,,,,,,,,,,,,,,,,,,,,,,,,,,,,,,,,,,
node,1150839598,POINT (77.6990468 12.9568527),,560037,Varthur Road,hospital,,New Akshay Mallya Hospital,,,,,,Bengaluru Urban,"93/1, 565, Srinivasa Complex Ring Road Attached To Main Road",Karnataka,0,OpenGovernmentData,,,,,,,,,,,,,,,,,,,,,,,,,,,,,,,,,,,,,,,,,,,,,,,,,,
node,1186831410,POINT (77.69923 12.9951629),,,Whitefield Road,hospital,,Presidency Hospital,,,,,,,,,,,,,,,,,,,,,,,,,,,,,,,,,,,,,,,,,,,,,,,,,,,,,,,,,,,,
node,1365797756,POINT (77.7168891 12.9668213),,560037,,hospital,,Brookefield Hospital(A Unit Of Sanjeevani Hospital),,yes,hospital,,,Bengaluru Urban,"521, 522, Vijayalakshmi Square Itpl Main Road Kundallahall Near Cosmos Mall",Karnataka,,OpenGovernmentData,yes,,,,,,,,,,,,,,,,,,,,,,,,,,,,,,,,,,,,,,,,,,,,,,,,,
node,1428600902,POINT (77.7087044 12.9573067),"Marathahalli, Bangalore",,Spice Garden Compound Road,hospital,25-08-2024,Tenet diagnostics,,no,,,,,,,,,,"S1,S2",,,,,,,,,,,,,,,,,,,,,,,,,,,,,,,,,,,,,,,,,,,,,,,,
node,1724416882,POINT (77.6653699 13.0148188),,,,hospital,,Ayur Seva Hospital,,,,,,,,,,,,,Ayur Vaid Hospital,,,,,,,,,,,,,,,,,,,,,,,,,,,,,,,,,,,,,,,,,,,,,,,
node,1724997151,POINT (77.6673677 13.0128343),,,,school,17-06-2025,Narayana PU College,,,,,,,,,,,,,Narayana PU College,,,,,,,,,,,,,,,,,,,,,,,,,,,,,,,,,,,,,,,,,,,,,,,
node,1761866934,POINT (77.6760593 13.0207033),,,,hospital,,Koshys Hospital,,,,,,,,,,,,,,,,,,,,,,,,,,,,,,,,,,,,,,,,,,,,,,,,,,,,,,,,,,,,
node,1769130814,POINT (77.7543636 12.9678471),,,,school,,Kuvempu Smaraka Vidya Kendra School,ýýýýýýýýýýýýýýýýýýýýý ýýýýýýýýýýýýýýýýýý ýýýýýýýýýýýýýýý ýýýýýýýýýýýýýýýýýý,,,,,,,,,,,,,,,,,,,,,,,,,,,,,,,,,,,,,,,,,,,,,,,,,,,,,,,,,,,
node,1848054126,POINT (77.706771 12.9519912),,,,school,,Government School Munekolala,ýýýýýýýýýýýýýýýýýýýýý ýýýýýýýýýýýý ýýýýýýýýýýýýýýýýýýýýý,,,,,,,,,,,,,,,,,,,,,,,,,,,,,,,,,,,,,,,,,,,,,,,,,,,,,,,,,,,
node,1958294905,POINT (77.6674667 13.0100409),,,,hospital,,"Charan Homeopathy, Ramamurthy Nagar",,,,,,,,,,,,,,,,,,,,,,,,,,,,,,,,,,,,,,,,,,,,,,,,,,,,,,,,,,,,
node,1990864085,POINT (77.74526 12.9746587),,,,school,,Indus Early Learning Centre,,,,,,,,,,,,,,,,,,,,,,,,,,,,,,,,,,,,,,,,,,,,,,,,,,,,,,,,,,,,
node,2411618321,POINT (77.7333977 12.9812737),,,,school,,Government School,ýýýýýýýýýýýýýýýýýýýýý ýýýýýýýýýýýý,,,,,,,,,,,,,,,,,,,,,,,,,,,,,,,,,,,,,,,,,,,,,,,,,,,,,,,,,,,
node,2474969412,POINT (77.7550286 13.0053531),,,,school,,,,,,,,,,,,,,,,,,,,,,,,,,,,,,,,,,,,,,,,,,,,,,,,,,,,,,,,,,,,,,
node,2475284844,POINT (77.6923101 13.0077936),K.R Puram,,Old Madras Road,hospital,,ESi Hospital,,,hospital,,,,,,,,,,,Employees' State Insurance,ESI,private,Q3595726,,,,,,,,,,,,,,,,,,,,,,,,,,,,,,,,,,,,,,,,,,,
node,3205834304,POINT (77.7026729 12.9596512),,,,school,,,,,,,,,,,,,,,,,,,,ýýýýýýýýýýýý ýýýýýýýýýýýýýýý ýýýýýýýýýýýýýýý,,,,,,,,,,,,,,,,,,,,,,,,,,,,,,,,,,,,,,,,,,
node,3268435578,POINT (77.7319773 12.9878709),Bangalore,560066,Whitefield Main Road,hospital,27-06-2025,Cloud Nine Hospital,,,,,,,,,,,,,,,,,,,IN,+91 80 6799 9999,https://cloudninecare.com/,,,,,,,,,,,,,,,,,,,,,,,,,,,,,,,,,,,,,,,
node,3270010723,POINT (77.7103746 12.9768424),"Mahadevapura, Bangalore",560048,,hospital,30-10-2025,Telerad Rx Dx Health Care Whitefield,,,hospital,,,,,,,,,,,RxDx,,private,,,,+91-80-49261111;+91-80-40187588,https://rxdx.in/,info@rxdx.in,physiotherapy,,,,,,,,,,,,,,,,,,,,,,,,,,,,,,,,,,,,,
node,3541798347,POINT (77.6994832 12.9517397),,,,hospital,,Sanghi Medical Centre (P) Ltd,,,hospital,,,,,,1,,,,,,,,,,,,,,,,,,,,,,,,,,,,,,,,,,,,,,,,,,,,,,,,,,,
node,3783584167,POINT (77.7011085 12.9568555),,,,police,16-03-2026,Traffic Police Cabin,,,,,,,,,,,,,,,,,,,,,,,,,,,,,,,,,,,,,,,,,,,,,,,,,,,,,,,,,,,,
node,4171468392,POINT (77.6659562 12.9814182),,,,school,,Government Primary School,ýýýýýýýýýýýýýýýýýýýýý ýýýýýýýýýýýýýýýýýýýýýýýý ýýýýýýýýýýýý,,,,,,,,,,,,,,,,,,,,,,,,,,,,,,,,,,,,,,,,,,,,,,,,,,,,,,,,,,,
node,4325331196,POINT (77.7160447 12.9599306),,,,hospital,,SRL Diagnostics,,,hospital,,,,,,,,,,,,,,,,,,,,,,,,,,,,,,,,,,,,,,,,,,,,,,,,,,,,,,,,,
node,4445163720,POINT (77.7548105 12.9977711),Bangalore,"560067,","Kk White Castle Apartment, Vijaya Lakshmi Colony, Kumbena Agaraha Main Rd, Kadugodi",hospital,,Sky Diagnostic Centre kumbena agrahara,,,,,,,,,,,,817/744,,,,,,,,8033051529,,,,,,,,,,,,,,,,,,,,,,,,,,,,,,,,,,,,,,,,
node,4445183934,POINT (77.7033173 13.0158543),Bengaluru,560049,"Near Sathya Sai Lake Side Hospital, 3rd Main, Vinayaka Layout, Old Madras Road, Battarahalli, K.R. Puram, Vidya Nagar, Krishnarajapuram",hospital,,Thyrocare,,,,,,,,,,,,53,,,,,,,,080 6568 0365,,,,,,,,,,,,,,,,,,,,,,,,,,,,,,,,,,,,,,,,
node,4445660067,POINT (77.689783 12.9891818),Bangalore,560048,"ORR Service Road, Shiva Ganga Layout, B Narayanapura, Mahadevapura",hospital,,Bright Children's Clinic,,,,,,,,,,,,#56/2,,,,,,,,+9178994 22511,,,,,,,,,,,,,,,,,,,,,,,,,,,,,,,,,,,,,,,,
node,4445697807,POINT (77.7495412 12.9640704),bangalore,560037,"Sita Lakshmi ITPL Rd, AECS Layout - A Block, AECS Layout, Brookefield",school,,Chrysalis Kids,,,,,,,,,,,,188,,,,,,,,+9189515 11406,https://chrysaliskids.com/,,,,,,,,,,,,,,,,,,,,,,,,,,,,,,,,,,,,,,,
node,4445986377,POINT (77.6939806 13.0087504),"K.R Puram, Bangalore",560036,Old Madras Road,hospital,,"Sriram Hospital, Bangalore",,yes,,,,Bengaluru Urban,"No. 107 / 2, Nishvasahaa Centre, Opposite Traffic Police Station Road, Old Madras Road, Krishnaparajapuram",Karnataka,,OpenGovernmentData,,"107/2,",,,,,,,,080 2561 0988,,,,,,,,,,,,,,,,,,,,,,,,,,,,,,,,,,,,,,,,
node,4445998037,POINT (77.6935975 13.0110115),Bangalore,560036,"3rd Main Road, Old Extension, Krishnarajapuram, Near Indane Gas",hospital,,K R Puram Super Speciality Hospital,,yes,,,,,,,,http://www.bangalorean.co.in/,,#301,,,,,,,,080 2561 7799,https://aaxishospitals.com/,,,,,,,,,,,,,,,,,,,,,,,,,,,,,,,,,,,,,,,
node,4446018021,POINT (77.7036425 13.0048396),Bangalore,560036,"Devasandra Main Road, Krishnarajapuram",hospital,,Maithri Nursing Home,,,,,,Bengaluru Urban,"Devasandram Main Road Enterance, Krishnarajapuram",Karnataka,,http://www.bangalorean.co.in/,,,,,,,,,,9.18026E+11,,,,,,,,,,,,,,,,,,,,,,,,,,,,,,,,,,,,,,,,
node,4446915481,POINT (77.7461682 12.9593576),Bengaluru,560066,Whitefield Main Road,hospital,,Wellness Ever,,yes,hospital,,,,"Sai Harsha Towers, 2nd floor, Opp Forum Value Mall, Above HDFC Bank,, Whitefield Main Road",,,http://bestofhealthindia.com/,,#183,,,,,,,,095919 89220,https://wellnessever.com/,,,,,,,,,,,,,,,,,,,,,,,,,,,,,,,,,,,,,,,
node,4446919794,POINT (77.7419283 12.9566858),Bengaluru,560066,"MCC Tower, Opposite Sigma Tech Park, Varthur Kodi, Varthur Main Rd, Ramagondanahalli, Whitefield",hospital,,Hair Loss Treatment in Bangalore - Hairline International,,yes,hospital,,,,,,,http://www.bangalorean.co.in/,,32,,,,,,,,091488 74972,hairline.in,,,,,,,,,,,,,,,,,,,,,,,,,,,,,,,,,,,,,,,
node,4447398385,POINT (77.6675094 12.9588013),Bengalore,560017,"HAL Employees Quarters,Old Airport Road, Near HAL Post Office,Reddypalya",police,09-02-2026,HAL Traffic Police Station,,,,,,,,,0,,yes,D-14/T,,,,,,,,080 2294 3115,NA,,,G,,,,,,,,,,,,,,,,,,,,,,,,,,,,,,,,,,,,
node,4448000087,POINT (77.6924713 13.0096231),Bangalore,560036,"Nishvasaha Centre, Old Madras Main Road, Opposite-Traffic Police, Station, K R Puram",hospital,,Sri Ram Hospital,,yes,,,,,,,,http://bestofhealthindia.com/,,107/2,,,,,,,,080 2561 0988,,,,,,,,,,,,,,,,,,,,,,,,,,,,,,,,,,,,,,,,
node,4528847591,POINT (77.6998816 13.0120509),Bangalore,560036,,hospital,,Deepa Hospital,,,,,,Bengaluru Urban,"#27, Old Madras Road",Karnataka,,OpenGovernmentData,yes,,,,,private,,,,,http://www.deepahospital.creativotech.com/,,Gyanecology; Medicine; Maternity; Surgery; Immunisation Facility; Laprascopic Surgery; Endoscopy; Dermatology; Child Health Care; Eye; ENT; OPTHALMOLOGY; Urology; Ultrasound Scan; X- Ray; ECG; Health Check up,,,,,,,,,,,,,,,,,,,,,,,,,,,,,,,,,,,,,
node,4689872196,POINT (77.7128053 13.0215807),,560049,,hospital,,Sathya Sai Lake Side Ortho Hospital,,,,,,Bengaluru Urban,"Road , Casross Opposite Tc Palya Bus Store Old Madars Road",Karnataka,,OpenGovernmentData,,,Satya Sai,,,,,,,,,,,,,,,,,,,,,,,,,,,,,,,,,,,,,,,,,,,,,,,
node,4690537789,POINT (77.6800412 12.9817167),,560093,,hospital,,Comfort Multispeciality Hospital,,,,,,Bengaluru Urban,"SRR Arcade, C.V. Raman Nagar, Kaggadasapura, Bengaluru",Karnataka,,Local Knowledge,,,Comfort multispeciality hospital,,,,,,,,,,,,,,,,,,,,,,,,,,,,,,,,,,,,,,,,,,,,,,,
node,4782423379,POINT (77.6851595 12.9876335),Bengaluru,560048,DRDO Phase 2 Main Road,hospital,,Dr. Roshni's Tooth Planet Dental Clinic,,yes,,,,,,,,,,#33,,Dr. Roshni Maurya,,,,,,,,,,,,,,,,,,,,,,,,,,,,,,,,,,,,,,,,,,,,,,
node,4851692297,POINT (77.6691847 13.0311434),,,,school,,St George High School,ýýýýýýýýýýýýýýý ýýýýýýýýýýýýýýýýýý ýýýýýýýýýýýýýýýýýýýýýýýýýýý,,,,,,,,,,,,,,,,,,,,,,,,,,,,,,,,,,,,,,,,,,,,,,,,,,,,,,,,,,,
node,4851692299,POINT (77.6682208 13.0309806),,,,school,,Sunshine Childrens Home and School,,,,,,,,,,,no,,,,,,,,,,,,,,,,,,,,,,,,,,,,,,,,,,,,,,,,,,,,,,,,,
node,5165419321,POINT (77.7506994 12.9795928),,560066,Whitefield Main Road,school,,Footprints Preschool and Daycare,,,,,,,,,,,,1A/1,,Footprints,,,,,,9654999677,https://www.footprintseducation.in/,,,,Mo-Fr 09:00-18:30,,,,,,,,,,,,,,,,,,,,,,,,,,,,,,,,,,,
node,5423028221,POINT (77.7569157 13.0028637),,,,hospital,,Telerad RXDX Kadugodi,,,,,,,,,,,,,,,,,,,,,,,,,,,,,,,,,,,,,,,,,,,,,,,,,,,,,,,,,,,,
node,6464656077,POINT (77.6979598 13.011214),Bangalore,560036,"Sri Thimappa Complex, Old Madras Road, KR Puram, Below Syndicate Bank",hospital,,Patil Hospital,,yes,,,,,,,,http://www.bangalorean.co.in/,,,,,,,,,,080 2561 3891,,,,,,exact location not correct,,,,,,,,,,,,,,,,,,,,,,,,,,,,,,,,,,
node,6938889541,POINT (77.7051643 12.9551501),,560037,,hospital,,Lions Airport City Hospital,,,,,,Bengaluru Urban,"#103, Munnekolal, Verthur Road, Marthahalli Post",Karnataka,,OpenGovernmentData,,,,,,,,,,,,,,,,,,,,,,,,,,,,,,,,,,,,,,,,,,,,,,,,,,
node,6944143695,POINT (77.6814736 12.9825937),,560093,,hospital,,Sree Lakshmi Hospital,,,,,,Bengaluru Urban,21st Cross Kaggadasapura Main Road C V Raman Nagar,Karnataka,,OpenGovernmentData,,,,,,,,,,,,,,,,,,,,,,,,,,,,,,,,,,,,,,,,,,,,,,,,,,
node,6944290474,POINT (77.7150508 12.9651587),,560037,,hospital,05-08-2025,Aayug Multi Speciality Hospital,,,,,,Bengaluru Urban,"#477, I Main 'B' Block, Aecs Layout,,Kundalahalli",Karnataka,,OpenGovernmentData,,,,,,private,,,,,http://dpal.kar.nic.in/Kanunu%20padakosha%20PDF%20Files/Recognised%20Hospitals.pdf,,,,,,,,,,,,,,,,,,,,,,,,,,,,,,,,,,,,,,,
node,6944290475,POINT (77.7002262 12.9568547),,560037,,hospital,29-12-2024,MGA Hospital,,,hospital,,,Bengaluru Urban,"96,Varthur Main Road, Marathahalli",Karnataka,,OpenGovernmentData,,,,,,,,,,,,,,,,,,,,,,,,,,,,,,,,,,,,,,,,,,,,,,,,,,
node,6945033191,POINT (77.6961802 13.0121705),,560001,,hospital,,"Sri Ramakrishna Hospital, Bengaluru Urban",,,,,,Bengaluru Urban,"Opposite Syndicate Bank, Old Madras Road, Krihnarjapuram",Karnataka,,OpenGovernmentData,,,,,,,,,,,,,,,,,,,,,,,,,,,,,,,,,,,,,,,,,,,,,,,,,,
node,6945724749,POINT (77.6743939 13.0112166),,560016,,hospital,,Spandana Hospital And Medical Centre,,,,,,Bengaluru Urban,Ramamurthynagar,Karnataka,,OpenGovernmentData,yes,,,,,,,,,,,,,,,,,,,,,,,,,,,,,,,,,,,,,,,,,,,,,,,,,
node,6947459688,POINT (77.7347061 13.0357404),,560049,,hospital,,S.N. Hospital,,,,,,Bengaluru Urban,"Avalahalli, Virgonagar P.O.",Karnataka,,OpenGovernmentData,,,,,,,,,,,,,,,,,,,,,,,,,,,,,,,,,,,,,,,,,,,,,,,,,,
node,6947662459,POINT (77.7351701 13.0357169),,560049,,hospital,,Geetha Hospital,,,,,,Bengaluru Urban,Avalahalli Virgonagar Old Madras Road Bangaror,Karnataka,,OpenGovernmentData,,,,,,,,,,,,,,,,,,,,,,,,,,,,,,,,,,,,,,,,,,,,,,,,,,
node,6947662464,POINT (77.6971089 13.0080397),,560035,,hospital,,"Suresh Hospital, Bengaluru Urban",,,,,,Bengaluru Urban,"37/, 1st Cross, Devasandra Main Road, K.R.Puram",Karnataka,,OpenGovernmentData,,,,,,,,,,,,,,,,,,,,,,,,,,,,,,,,,,,,,,,,,,,,,,,,,,
node,6947662469,POINT (77.6948659 13.0088071),,560003,,hospital,,Sri Ram Netralaya and Surgical Centre,,,,,,Bengaluru Urban,"2 1st Floor, Kr Purav",Karnataka,,OpenGovernmentData,,,,,,,,,,,,,,,,,,,,,,,,,,,,,,,,,,,,,,,,,,,,,,,,,,
node,6947662474,POINT (77.6969567 13.0090854),,560036,,hospital,,"Patil Hospital, Bengaluru Urban",,,,,,Bengaluru Urban,"No. 42-B1, Below Synicate Bank, Sri Thimmappa Complex, Old Madras Road, Krishnarajapuram",Karnataka,,OpenGovernmentData,,,,,,,,,,,,,,,,,,,,,,,,,,,,,,,,,,,,,,,,,,,,,,,,,,
node,6947662480,POINT (77.6659168 13.011968),,560016,,hospital,,Sri Sai Eye Hospital,,,,,,Bengaluru Urban,"#311, 4B Cross, R.M. Nagar Main Road, Kasthuri Nagar",Karnataka,,OpenGovernmentData,,,,,,,,,,,,,,,,,,,,,,,,,,,,,,,,,,,,,,,,,,,,,,,,,,
node,6950124287,POINT (77.6771966 13.0113204),,560016,Opposite to bus stop,hospital,,Little Flower Hospital,,,,,,Bengaluru Urban,"No. 101, Tc Palya Road,Raghavendra Nagar,Ram Murthy Nagar Extension",Karnataka,,OpenGovernmentData,yes,,,,,,,,,,,,,,,,,,,,,,,,,,,,,,,,,,,,,,,,,,,,,,,,,
node,6991301269,POINT (77.6659393 13.0041876),,,Kempegowda Underpass Road,police,,Ramamurthy Nagar Police Station,,,,,,,,,,,,,,,,,,,,,,,,,,,,,,,,,,,,,,,,,,,,,,,,,,,,,,,,,,,,
node,6991350543,POINT (77.6848145 13.0080624),,,,school,,ITI Central School,,,,,,,,,,,no,,,,,,,,,,,,,,,,,,,,,,,,,,,,,,,,,,,,,,,,,,,,,,,,,
node,6991352800,POINT (77.6720657 13.0090628),,,"9th Cross, Bhavani Street",school,,Sri Kumaran's English School,,,,,,,,,,,,,,,,,,,,,,,,,,,,,,,,,,,,,,,,,,,,,,,,,,,,,,,,,,,,
node,6991363292,POINT (77.6749344 13.0053129),,,Chandrashekar Layout,school,,Jubilee School,,,,,,,,,,,,,,,,,,,,,,,,,,,,,,,,,,,,,,,,,,,,,,,,,,,,,,,,,,,,
node,6991371023,POINT (77.6683121 13.0076876),,,"3rd Cross, Subramani Layout",school,,Manu Kannada School,,,,,,,,,,,,,,,,,,,,,,,,,,,,,,,,,,,,,,,,,,,,,,,,,,,,,,,,,,,,
node,6991535449,POINT (77.6786402 13.0037983),,,,fire_station,,ITI Fire Station,,,,,,,,,,,,,,,,,,,,,,,,,,,,,,,,,,,,,,,,,,,,,,,,,,,,,,,,,,,,
node,7140653801,POINT (77.6807872 12.9721779),,,,hospital,,Venus MultiSpeciality Hospital,,,hospital,,,,,,,,,,,,,,,,,,,,,,,,,,,,,,,,,,,,,,,,,,,,,,,,,,,,,,,,,
node,7202935809,POINT (77.7169887 13.0164321),,560049,,hospital,,Seegehalli Government Hospital,ýýýýýýýýýýýýýýýýýýýýýýýýýýý ýýýýýýýýýýýýýýýýýýýýý ýýýýýýýýýýýýýýýýýýýýýýýý,,,,,Bangalore,"Seegehalli, Virgonagara Post",Karnataka,,OpenGovernmentData,,,,,,,,,,,,,,,,,Bangalore East,,,,,,,,,,,,,,,,,,,,,,,,,,,,,,,,,
node,7572131814,POINT (77.6823734 12.9807257),,560093,,hospital,,Little Flower Hospital,,,,,,Bengaluru Urban,"Nagappareddy Layout, Kaggadasapura, Bengaluru",Karnataka,,Local Knowledge,,,,,,,,,,,,,,,,,,,,,,,,,,,,,,,,,,,,,,,,,,,,,,,,,,
node,7572131816,POINT (77.7004289 13.006205),,560036,,hospital,,NMPC Hospital,,,,,,Bengaluru Urban,"Ayyappa Nagar, Krishnarajapura, Bengaluru",Karnataka,,Local Knowledge,,,,,,,,,,,,,,,,,,,,,,,,,,,,,,,,,,,,,,,,,,,,,,,,,,
node,7572131818,POINT (77.697197 13.0082031),,560036,,hospital,,R R Hospital,,,,,,Bengaluru Urban,"Devasandra Main Road, Krishnarajapura, Bengaluru",Karnataka,,Local Knowledge,,,,,,,,,,,,,,,,,,,,,,,,,,,,,,,,,,,,,,,,,,,,,,,,,,
node,7572131819,POINT (77.6713322 12.9901305),,560013,,hospital,,Jeevan Hospital,,,,,,Bengaluru Urban,"Udayanagar Extension, Mahadevapura, Bengaluru",Karnataka,,Local Knowledge,,,,,,,,,,,,,,,,,,,,,,,,,,,,,,,,,,,,,,,,,,,,,,,,,,
node,7572131823,POINT (77.7059531 13.0031618),,560036,,hospital,,Vicky Family Life,,,,,,Bengaluru Urban,"Ayyappa Nagar, Krishnarajapura, Bengaluru",Karnataka,,Local Knowledge,,,,,,,,,,,,,,,,,,,,,,,,,,,,,,,,,,,,,,,,,,,,,,,,,,
node,7572131824,POINT (77.6709989 12.9946786),,560016,,hospital,,Vedam Ayurveda Multi Speciality Hospital,,,,,,Bengaluru Urban,"Udaya Nagar, Mahadevapura, Bengaluru",Karnataka,,Local Knowledge,,,,,,,,,,,,,,,,,,,,,,,,,,,,,,,,,,,,,,,,,,,,,,,,,,
node,7572131842,POINT (77.6994046 13.0219523),,560036,,hospital,,Health Plus Multi Speciality Hospital,,,,,,Bengaluru Urban,"Sunshine Layout, Krishnarajapura, Bengaluru",Karnataka,,Local Knowledge,,,,,,,,,,,,,,,,,,,,,,,,,,,,,,,,,,,,,,,,,,,,,,,,,,
node,7572131844,POINT (77.671863 12.9966313),,560016,,hospital,,Pragathi Piles Hospital,,,,,,Bengaluru Urban,"Udaya Nagar, Bengaluru",Karnataka,,Local Knowledge,,,,,,,,,,,,,,,,,,,,,,,,,,,,,,,,,,,,,,,,,,,,,,,,,,
node,7572131866,POINT (77.6741439 12.9895049),,560016,,hospital,,Mahaveer Hospitals,,,,,,Bengaluru Urban,"Udaya Nagar, Mahadevapura, Bengaluru",Karnataka,,Local Knowledge,,,,,,,,,,,,,,,,,,,,,,,,,,,,,,,,,,,,,,,,,,,,,,,,,,
node,7572131884,POINT (77.6747693 13.033219),,560016,,hospital,,Eshawar HospItal,,,,,,Bengaluru Urban,"Punyabhoomi Layout, Kalkere, Bengaluru",Karnataka,,Local Knowledge,,,,,,,,,,,,,,,,,,,,,,,,,,,,,,,,,,,,,,,,,,,,,,,,,,
node,7572131892,POINT (77.675186 12.973637),,560075,,hospital,,Medihope Super Specialty Hospital,,,hospital,,,Bengaluru Urban,"Malleshpalya, New Tippasandra, Bengaluru",Karnataka,,Local Knowledge,,,,,,,,,,,,,,,,,,,,,,,,,,,,,,,,,,,,,,,,,,,,,,,,,,
node,7572131894,POINT (77.676589 12.989869),,560016,,hospital,,Cure N Care Hospital,,,,,,Bengaluru Urban,"Udaya Nagar, Mahadevapura, Bengaluru",Karnataka,,Local Knowledge,,,,,,,,,,,,,,,,,,,,,,,,,,,,,,,,,,,,,,,,,,,,,,,,,,
node,7572131905,POINT (77.6969464 13.0106539),,560036,,hospital,,Sad Bydya Shala Ayurvedic Hospital,,,,,,Bengaluru Urban,"V B Layout, Krishnarajapura, Bengaluru",Karnataka,,Local Knowledge,,,,,,,,,,,,,,,,,,,,,,,,,,,,,,,,,,,,,,,,,,,,,,,,,,
node,7572131909,POINT (77.697361 13.011115),,560036,,hospital,,Sri Lakshmi Super Speciality Hospital,,,,,,Bengaluru Urban,"Krishnarajapura, Bengaluru",Karnataka,,Local Knowledge,,,,,,,,,,,,,,,,,,,,,,,,,,,,,,,,,,,,,,,,,,,,,,,,,,
node,7572131920,POINT (77.7128759 13.0031938),,560036,,hospital,,Kids Health Link,,,,,,Bengaluru Urban,"Surya Layout, Ayyappa Nagar, Krishnarajapura, Bengaluru",Karnataka,,Local Knowledge,,,,,,,,,,,,,,,,,,,,,,,,,,,,,,,,,,,,,,,,,,,,,,,,,,
node,7572131923,POINT (77.6757833 12.991561),,560016,,hospital,,Prakruti Hospital,,,,,,Bengaluru Urban,"Udaya Nagar, Bengaluru",Karnataka,,Local Knowledge,,,,,,,,,,,,,,,,,,,,,,,,,,,,,,,,,,,,,,,,,,,,,,,,,,
node,7572131935,POINT (77.7114153 13.0042616),,560036,,hospital,,Amrutha Healthcare,,,,,,Bengaluru Urban,"Ayyappa Nagar, Krishnarajapura, Bengaluru",Karnataka,,Local Knowledge,,,,,,,,,,,,,,,,,,,,,,,,,,,,,,,,,,,,,,,,,,,,,,,,,,
node,7572526699,POINT (77.6662889 12.9635299),,560017,,hospital,,Jhon's Medical Hospital,,,,,,Bengaluru Urban,"Jyothi Nagar, Bengaluru",Karnataka,,Local Knowledge,,,,,,,,,,,,,,,,,,,,,,,,,,,,,,,,,,,,,,,,,,,,,,,,,,
node,9841433907,POINT (77.7216631 12.9556074),,,,hospital,28-06-2025,Devi Eye Hospital,,,hospital,,,,,,,,,,,,,,,,,,,,ophthalmology,,,,,,,,,,,,,,,,,,,,,,,,,,,,,,,,,,,,,
node,10051271572,POINT (77.7305782 12.9563317),,,,hospital,29-06-2025,Siddanth Hospital,,,hospital,,,,,,,,,,,,,,,,,,,,ent,,,,,,,,,,,,,,,,,,,,,,,,,,,,,,,,,,,,,
node,10760842111,POINT (77.7133527 12.9617336),,,"60 Ft Road, AECS Layout",school,,Tom & Jerry Creche,,,,Tom & Jerry Creche,,,,,,,,"1345, D Block, AECS Layout",,,,,,,,,,,,,,,,,,,,,,,,,,,,,,,,,,,,,,,,,,,,,,,,
node,11274969773,POINT (77.70845 12.9736914),,,,school,,The Alternative Learning Community,,,,,,,,,,,,,,,,,,,,,https://www.thealternativelearningcommunity.com,,,,,,,TALC,,,,,,,,,,,,,,,,,,,,,,,,,,,,,,,,
node,12246090205,POINT (77.6935636 12.9964893),,,,police,12-10-2024,Mahadevapura Traffic Police,,,,,,,,,,,,,,,,,,,,,,,,,,,,,,,,,,,,,,,,,,,,,,,,,,,,,,,,,,,,
node,12246090206,POINT (77.6936783 12.9964748),,,,police,12-10-2024,Office Of The Assistant Commissioner Whitefield Subdivision,,,,,,,,,,,,,,,,,,,,,,,,,,,,,,,,,,,,,,,,,,,,,,,,,,,,,,,,,,,,
node,12270718858,POINT (77.7023679 12.9651511),,,,school,20-10-2024,Government Lower Primary School,,,,,,,,,,,,,,,,government,,,,,,,,,,,,,,,,,,,,,,,,,,,,,,,,,,,,,,,,,,,,
node,12500298573,POINT (77.7500478 12.9678752),,,,hospital,12-07-2025,Dr. Agarwal's Eye Hospital,,,hospital,,,,,,,,,,,Dr. Agarwal's Eye Hospital,,private,Q17052044,,,,,,,,,,,,Whitefield,,,,,,,,,,,,,,,,,,,,,,,,,,,,,,,
node,12651832969,POINT (77.7414284 12.9566829),,,,hospital,11-03-2025,Cloud Nine,,,hospital,,,,,,,,,,,,,,,,,,,,,,,,,,,,,,,,,,,,,,,,,,,,,,,,,,,,,,,,,
node,12767981104,POINT (77.7092104 12.980602),,,,hospital,,Narayana Nethralaya,,,,,,,,,,,,,,,,,,,,8066121658,https://www.narayananethralaya.org/,,,,Mo-Sa 08:30-18:00,,,,,,,,,,,,,,,,,,,,,,,,,,,,,,,,,,,
node,12767981105,POINT (77.7258334 12.9762006),,,,hospital,,Nethradhama,,,,,,,,,,,,,,,,,,,,080 62646800,https://nethradhama.org/,,,,"Mo-Sa 09:00-20:00,Su 09:00-13:00",,,,,,,,,,,,,,,,,,,,,,,,,,,,,,,,,,,
node,13049395284,POINT (77.7132267 12.9651695),,,,school,05-08-2025,Global/Art,,,,,,,,,,,,,,,,,,,,,,,,,,,,,,,,,,,,,,,,,,,,,,,,,,,,,,,,,,,,
node,13049395285,POINT (77.7134399 12.9652449),,,,school,05-08-2025,School Of Athens,,,,,,,,,,,,,,,,,,,,,,,,,,,,,,+91 74112 74433,,,,,,,,,,,,,,,,,,,,,,,,,,,,,,
node,13049405747,POINT (77.7158509 12.9669964),,,5th Main Road,school,05-08-2025,Meraki School Of Art,,,,,,,,,,,,359,,,,private,,,,,,,,,,,,,,+91 99013 65885,,,,,,,,,,,,,,,,,,,,,,,,,,,,,,
node,13070773910,POINT (77.7395417 13.0020286),,,,school,,Gopalpur Primary School,,,,,,,,,,,,,,,,,,,,,,,,,,,,,,,,,,,,,,,,,,,,,,,,,,,,,,,,,,,,
node,13821104862,POINT (77.7298427 12.9880628),Bangalore,560066,ITPL Main Road,hospital,,"Healing Hands Clinic - Whitefield, Bengaluru",,,hospital,,,,,,,,,"Zenya Signature, 4th Floor",,,,,,,,,https://www.healinghandsclinic.co.in/bengaluru-location/piles-fistula-hospital-in-whitefield-bengaluru/,,proctology;piles;hernia;fissure;fistula;varicose_veins;pilondal_sinus,,24-Jul,,,,,,,,,,,,,,,,,,,,,,,,,,,,,,,,,,,
node,14047953999,POINT (77.6996855 12.9708573),,,,school,25-07-2026,Center For Children With Autism And Other Developmental Disabilities,,,,,,,,,,,,,,,,,,,,,,,,,,,,,,,,,,,,,,,,,,,,,,,,,,,,,,,,,,,,
relation,1848568,"POLYGON ((77.7245985 12.9644302, 77.7246001 12.9644705, 77.7245641 12.9644718, 77.7245713 12.9646664, 77.7246325 12.9646643, 77.7246338 12.9647017, 77.7248242 12.9646952, 77.7248229 12.9646582, 77.7248737 12.9646565, 77.7248667 12.9644536, 77.7248098 12.9644555, 77.7248087 12.9644229, 77.7247265 12.9644255, 77.7247248 12.9643764, 77.724857 12.9643722, 77.7248559 12.9643374, 77.7249288 12.9643351, 77.7249334 12.9644714, 77.7250013 12.9644692, 77.7249976 12.9643589, 77.7250749 12.9643564, 77.7250729 12.9642952, 77.7251671 12.9642921, 77.7251572 12.9639996, 77.7251556 12.9639651, 77.724592 12.9639902, 77.7245942 12.9640369, 77.7244972 12.9640412, 77.7244942 12.9639761, 77.7243245 12.9639835, 77.724327 12.9640359, 77.7242726 12.9640383, 77.724277 12.9641357, 77.7243525 12.9641325, 77.7243539 12.9641649, 77.7245395 12.9641572, 77.7245424 12.9642222, 77.7245899 12.9642202, 77.7245918 12.9642654, 77.7246451 12.9642634, 77.7246517 12.9644282, 77.7245985 12.9644302), (77.7247213 12.9642217, 77.7247642 12.9642191, 77.7247635 12.9641804, 77.7248152 12.9641772, 77.7248152 12.9641119, 77.7249573 12.9641067, 77.725019 12.9641485, 77.725019 12.9642243, 77.7249547 12.9642295, 77.7249278 12.9642635, 77.7247257 12.9642666, 77.7247213 12.9642217))",,,,school,,,,,,,,,,,,,,,,,,,,,,,,,,,,,,,,,,,,,school,,,,,,,,,,,,,,,,,,,,,,multipolygon,,,
relation,2418711,"POLYGON ((77.7314252 12.9745787, 77.7314013 12.9742777, 77.7305354 12.9743432, 77.7305594 12.9746442, 77.7314252 12.9745787), (77.7311422 12.974478, 77.731138 12.9743996, 77.7312895 12.9743919, 77.7312937 12.9744703, 77.7311422 12.974478), (77.7306734 12.9745159, 77.7306706 12.9744369, 77.7307927 12.9744329, 77.7307954 12.9745118, 77.7306734 12.9745159))",bangalore,560066,"EPIP Area, Vydehi Campus, Whitefield, Vijayanagar, Nallurhalli, Whitefield,",school,11-06-2025,Vydehi School of Excellence,,,,,,,,,,,yes,82,,,,,,,,080 4663 6000,https://www.vydehischool.com/,,,,,,,VSE,,,,,,,yes,,,,,5,,,,,,,,,,1,flat,,,,,,multipolygon,#eecfaf,,
relation,4497967,"POLYGON ((77.7295014 12.97602, 77.7294935 12.9759159, 77.7299378 12.9758838, 77.7299245 12.9757094, 77.7298481 12.975715, 77.7298455 12.9756849, 77.729901 12.9756795, 77.7298981 12.9756439, 77.7298838 12.9754701, 77.7294919 12.9754984, 77.7294855 12.9754137, 77.7298551 12.975387, 77.7298287 12.9750404, 77.7296932 12.9750503, 77.7297078 12.9752425, 77.7295989 12.9752504, 77.7295818 12.9750255, 77.7293135 12.975045, 77.7293066 12.9749538, 77.7288314 12.9749882, 77.7288391 12.9750894, 77.7287693 12.9750945, 77.7287994 12.9754895, 77.7291501 12.9754642, 77.7291549 12.975527, 77.7288159 12.9755515, 77.72883 12.9757368, 77.7292121 12.9757092, 77.7292169 12.9757721, 77.7288494 12.9757986, 77.7288636 12.9759858, 77.7293152 12.9759532, 77.7293213 12.976033, 77.7295014 12.97602), (77.7289547 12.975221, 77.7291345 12.9752081, 77.7291437 12.9753301, 77.7289639 12.9753431, 77.7289547 12.975221))",,560066,,hospital,24-06-2025,Vydehi Institute Of Medical Sciences And Research Centre,,yes,,,,Bengaluru Urban,"82, Epip Area Nellurahalli White Field Road",Karnataka,,OpenGovernmentData;local knowledge,yes,,,,,,,,,,,,,,24-Jul,,,,,,,,,,hospital,,,,,4,,,,,yes,yes,yes,,,1,flat,yes,,,,,multipolygon,#eecfaf,1,-1
relation,18010930,"POLYGON ((77.7116928 12.9702665, 77.7117271 12.9701656, 77.7114746 12.9700946, 77.7114454 12.9701881, 77.7116928 12.9702665), (77.7114845 12.9701086, 77.7116154 12.9701441, 77.7115954 12.9702141, 77.7114645 12.9701786, 77.7114845 12.9701086))",,,6th Cross Road,school,05-09-2026,Government School,,,,,,,,,,,,,,,,,,,,,,,,,,,,,,,,,,,,,,,,,,,,,,,,,,,,,,,,,multipolygon,,,
way,89781247,"POLYGON ((77.7058913 12.992861, 77.7063603 12.9928423, 77.7064912 12.9924216, 77.7065535 12.9922212, 77.7061156 12.9921149, 77.7060469 12.9923399, 77.7059451 12.9926728, 77.7058913 12.992861))","Hudi, Bangalore",,Graphite India Road,hospital,,ESI Dispensary,,,hospital,,,,,,,,,,,Employees' State Insurance,ESI,public,Q3595726,,,080 28524261,,,,,,,,,,,,,,,,,,,,,,,,,,,,,,,,,,,,,,,,
way,102937348,"POLYGON ((77.7183266 13.0045097, 77.7183214 13.0044653, 77.718293 13.00422, 77.7181787 13.003798, 77.7178397 13.0028087, 77.7183134 13.002732, 77.7185454 13.0027718, 77.718719 13.0028693, 77.7189052 13.0030036, 77.7189879 13.0031087, 77.7189917 13.0032029, 77.7189854 13.0035707, 77.7190549 13.0038857, 77.7190193 13.0040175, 77.7189793 13.0042683, 77.7188723 13.0045341, 77.7183266 13.0045097))","Ayyappanagar, Bangalore",560036,Kodigehalli Main Road,school,,Diya Academy of Learning,,,,,,,,,,,,70/1,,,,,,,,+91-80-32953468;+919901451041,https://diyaschool.com/,brijesh.kumavat@diyaschool.com,,,,,,,,,,,,,,,,,,,,,,,,,,,,,,,,,,,,,,
way,122157597,"POLYGON ((77.713565 12.9561646, 77.7136546 12.956203, 77.7141388 12.9562964, 77.7134009 12.9586563, 77.7128362 12.9585004, 77.7129523 12.9581227, 77.713565 12.9561646))",,,,hospital,,Karunashraya,ýýýýýýýýýýýýýýýýýýýýýýýýýýý,,hospital,,,,,,,,,,,,,,,,,,https://www.karunashraya.org/,,,,,,,,,,,,,,,,,,,,,,,,,,,,,,,,,,,,,,,
way,122270534,"POLYGON ((77.7233322 12.9642097, 77.723313 12.9644775, 77.7232872 12.9653715, 77.7233888 12.9653721, 77.7246942 12.9654048, 77.7246873 12.9650264, 77.7249281 12.9645529, 77.7250931 12.9644281, 77.7252936 12.9643475, 77.7252377 12.9638992, 77.7241355 12.963932, 77.7240871 12.9639329, 77.7240531 12.9641898, 77.7240492 12.964229, 77.7240474 12.9642492, 77.7235459 12.9642239, 77.7233322 12.9642097))",,560037,,school,,Ryan International School,,,,,,,,,,,,,,,,,,,,,,,,,,,,,,,wall,,,,,,,,,,,,,,,,,,,,,,,,,,,,,
way,122403363,"POLYGON ((77.7077567 12.9861177, 77.7060581 12.986212, 77.7060201 12.9866429, 77.707622 12.9865246, 77.7077567 12.9861177))","Mahadevapura, Bangalore",,Graphite India Road,school,,Gopalan National School,,,,,,,,,,,,,,,,,,,,,,,,,,,,,,,wall,,,,,,,,,,,,,,,,,,,,,,,,,,,,,
way,122668468,"POLYGON ((77.7422222 12.975825, 77.7413933 12.9760632, 77.7416149 12.9766695, 77.7417922 12.9771372, 77.741861 12.9773315, 77.7426526 12.9771174, 77.7422222 12.975825))",Bangalore,560066,"Opp. E.C.C, Whitefield,",school,,The Deen's Academy,,,,,,,,,,,,,,,,,,,IN,9.641751814,https://deensacademy.com/,,,,,,,,,,,,,,,,,,,,,,,,,,,,,,,,,,,,,,,
way,124013167,"POLYGON ((77.7371413 12.9569415, 77.7372781 12.9561684, 77.737766 12.9562502, 77.7387638 12.9562711, 77.738696 12.9569351, 77.7371413 12.9569415))",,,,school,28-10-2025,Government School,ýýýýýýýýýýýýýýýýýýýýý ýýýýýýýýýýýý,,,,,,,,,,,,,,,,,,,,,,,,,,,,,,,,,,,,,,,,,,,,,,,,,,,,,,,,,,,
way,124013168,"POLYGON ((77.713336 12.956216, 77.713565 12.9561646, 77.7129523 12.9581227, 77.712078 12.9579489, 77.7121102 12.9577816, 77.7121582 12.9576543, 77.7122282 12.9574888, 77.7123299 12.9573197, 77.7123982 12.9571946, 77.7124374 12.9571229, 77.7127325 12.9566471, 77.7128895 12.9561727, 77.713336 12.956216))",Bengaluru,560037,Varthur Road,hospital,03-09-2025,Sankara Eye Hospital,ýýýýýýýýýýýý ýýýýýýýýýýýýýýýýýýýýýýýý,,hospital,,,Bengaluru Urban,"Varthur Main Road, Kundalahalli Gate, Marahahalli-White Field Road",Karnataka,,,,,,,,,,,,,https://www.sankaraeye.com,bangalore@sankaraeye.com,ophthalmology,,,,,,,,,wall,,,,,,,,,,,,,,,,,,,,,,,,,,,,
way,124782791,"POLYGON ((77.7275661 12.9802633, 77.727587 12.9803684, 77.7276716 12.9804146, 77.7277163 12.9804936, 77.7279564 12.98162, 77.7279934 12.9816747, 77.7280164 12.9817507, 77.7279249 12.9818599, 77.7282965 12.9826547, 77.7284639 12.9830536, 77.7286208 12.9833672, 77.7286515 12.9834331, 77.7307563 12.9824124, 77.7321044 12.9824401, 77.7330434 12.9824572, 77.7326074 12.9807109, 77.732965 12.980662, 77.7329969 12.9802933, 77.7327289 12.9800358, 77.7317697 12.9784154, 77.7298935 12.9783298, 77.7298984 12.9785213, 77.7299277 12.9793195, 77.7295647 12.9794754, 77.7295971 12.9795457, 77.7296425 12.9796445, 77.7281412 12.9802566, 77.7275661 12.9802633))",,,,hospital,,Sri Sathya Sai Institute of Higher Medical Sciences,,,hospital,,,,,,,,,,,,,,,,,,,,,,,,,,,,wall,,Q483931,Q11308041,,,,,,,,,,,,,,,,,,,,,,,,,,
way,129843837,"POLYGON ((77.7477041 12.9710227, 77.7471515 12.9707666, 77.7473634 12.9704869, 77.7474546 12.9703981, 77.7475659 12.9703215, 77.7479736 12.9707555, 77.7478194 12.9709051, 77.7477041 12.9710227))",,560066,Inner Circle,school,,St. Thomas School,ýýýýýýýýýýýýýýý ýýýýýýýýýýýýýýý ýýýýýýýýýýýý,,,,,,,,,,,,,,,,,,,,,,,,,,,,,,,,,,,,,,,,,,,,,,,,,,,,,,,,,,,
way,136477081,"POLYGON ((77.7478742 12.9743266, 77.7478703 12.9738468, 77.7478796 12.9735943, 77.7481842 12.9735428, 77.7483427 12.9735122, 77.7483129 12.973161, 77.7485312 12.9731559, 77.7485941 12.9738896, 77.7486263 12.9742465, 77.7478742 12.9743266))",,,,school,,Cottolengo Special School,,,,,,,,,,,,,,,,,,,,,,,,,,,,,,,,,,,,,,,,,,,,,,,,,,,,,,,,,,,,
way,136492654,"POLYGON ((77.7571548 12.9943009, 77.7571323 12.9942102, 77.7572055 12.9941929, 77.7572168 12.9942385, 77.7572281 12.9942836, 77.7571548 12.9943009))",,,,police,,Whitefield Traffic Police Station,ýýýýýýýýýýýýýýý ýýýýýýýýýýýýýýýýýýýýýýýý ýýýýýýýýýýýý,,,,,,,,,,,,,,,,,,,,,,,,,,,,,,,,,,yes,,,,,,,,,,,,,,,,,,,,,,,,,
way,136507312,"POLYGON ((77.7488934 12.9782125, 77.7484595 12.9771045, 77.7478686 12.9772721, 77.7477756 12.9774138, 77.7477189 12.9775056, 77.7473373 12.9781236, 77.7474066 12.9784018, 77.7479866 12.977964, 77.7481956 12.9786512, 77.7486349 12.9785649, 77.7488934 12.9782125))",,,,school,,Abhayadhama Human Development Center,,,,,,,,,,,,,,,,,,,,,,,,,,,,,,,,,,,,,,,,,,,,,,,,,,,,,,,,,,,,
way,141454555,"POLYGON ((77.7501684 12.9702929, 77.7507 12.9702521, 77.7507377 12.9705848, 77.750223 12.9707096, 77.7501684 12.9702929))",,,,school,08-07-2025,Sisa Indo-Swiss Academy,,,,,,,,,,,,,,,,,,,,,,,,,,,,,,,,,,,,,,,,,,,,,,,,,,,,,,,,,,,,
way,155973105,"POLYGON ((77.7312514 12.9560899, 77.7312573 12.9556272, 77.7312594 12.9554652, 77.7319246 12.9554972, 77.7319174 12.9557848, 77.7319152 12.9561441, 77.7312514 12.9560899))",,,,school,28-10-2024,Siddapura Government Primary School,ýýýýýýýýýýýýýýýýýýýýýýýýýýý ýýýýýýýýýýýýýýýýýýýýý ýýýýýýýýýýýýýýýýýýýýýýýý ýýýýýýýýýýýý,,,,,,,,,,,,,,,,,,,,,,,,,,,,,,,,,,,,,,,,,,,,,,,,,,,,,,,,,,,
way,157204432,"POLYGON ((77.7119517 12.9562219, 77.7117894 12.957062, 77.7110005 12.9568259, 77.7109686 12.9568163, 77.7112234 12.9562467, 77.7119517 12.9562219))",,,Varthur Road,school,14-04-2025,Navaprajna Public School,,,,,,,,,,,,,,,,,,,,,,,,,,,,,,,,,,,,,,,,,,,,,,,,,,,,,,,,,,,,
way,159031330,"POLYGON ((77.750769 12.9763482, 77.7510059 12.9775963, 77.7508235 12.9775754, 77.749874 12.9774238, 77.7494448 12.9774813, 77.7493 12.9768906, 77.7484595 12.9771045, 77.7480978 12.9758875, 77.7488172 12.9758451, 77.7494635 12.9758321, 77.7495543 12.9758263, 77.7502038 12.9757851, 77.7506584 12.9757485, 77.750769 12.9763482))",,,Whitefield Main Road,school,24-05-2025,St. Joseph's Convent High School,,,,,,,,,,,,,,,,,,,,080-28457985,,sjcems2011@gmail.com,,,,,,,,,,,,,,http://sjcemswhitefield,christian,,,,,,,,,,,,,,,,,,,,,,,
way,159852775,"POLYGON ((77.6842461 13.0000808, 77.6842648 12.9996627, 77.6843587 12.9996548, 77.6843346 13.0000834, 77.6842461 13.0000808))",,,,school,,St. Peter's School,ýýýýýýýýýýýýýýý ýýýýýýýýýýýýýýý ýýýýýýýýýýýý,,,,,,,,,,,,,,,,,,,,,,,,,,,,,,,,,,,,,,,,,,,,,,,,,,,,,,,,,,,
way,168345821,"POLYGON ((77.7474066 12.9784018, 77.7478462 12.9801526, 77.748616 12.9799955, 77.7483813 12.9791528, 77.7485891 12.9789633, 77.7486349 12.9785649, 77.7481956 12.9786512, 77.7479866 12.977964, 77.7474066 12.9784018))",,560066,,school,,Holy Cross School & College,,,,,,,,,,,,,,,,,,,,,http://hcscwhitefield.com/,,,,,,,,,,,,,,,,,,,,,,,,,,,,,,,,,,,,,,,
way,174046849,"POLYGON ((77.706395 12.9523086, 77.7069641 12.9523373, 77.7071186 12.9515016, 77.7066235 12.9514496, 77.706395 12.9523086))",,,,school,,,,,,,,,,,,,,,,,,,,,,,,,,,,,,,,,,,,,,,,,,,,,,,,,,,,,,,,,,,,,,
way,188334989,"POLYGON ((77.6836847 13.0074817, 77.6837897 13.0075631, 77.6838246 13.0076101, 77.6838621 13.0077015, 77.6838433 13.0078296, 77.6838058 13.007929, 77.6849806 13.0086031, 77.6856619 13.0074665, 77.6842108 13.0066093, 77.6839228 13.0070868, 77.6836847 13.0074817))",,,,school,,ITI Vidya Mandir School,,,,,,,,,,,limited,,,,,,,,,,,,,,,,,,,,,,,,,,,,,,,,,,,,,,,,,,,,,,,,,
way,213366824,"POLYGON ((77.6998561 13.0217587, 77.7001833 13.0215653, 77.7003486 13.0215478, 77.7013421 13.0216489, 77.7012804 13.0226733, 77.7001458 13.0227765, 77.7001029 13.0225113, 77.6998561 13.0217587))",,,,school,,St Anthony's Public School,,,,,,,,,,,,,,,,,,,,,,,,,,,,,,,,,,,,,,,,,,,,,,,,,,,,,,,,,,,,
way,219618426,"POLYGON ((77.6955897 12.994389, 77.6954228 12.9944223, 77.6950955 12.9945056, 77.6951945 12.9947102, 77.6953156 12.9950488, 77.695702 12.9949761, 77.6955897 12.994389))",,,,school,,,,,,,,,,,,,,,,,,,,,,,,,,,,,,,,,,,,,,,,,,,,,,,,,,,,,,,,,,,,,,
way,239716193,"POLYGON ((77.6682764 13.0317168, 77.6689457 13.0316113, 77.6688507 13.0311422, 77.6681924 13.0310174, 77.6682764 13.0317168))",KALKERE,,Kalkere Main Road;Horamavu Main Road,school,,Sunshine School,,,,,,,,,,,limited,,,,,,,,,,,,,,,,,,,,,,,,,,,,,,,,,,,,,,,,,,,,,,,,,
way,239716960,"POLYGON ((77.6733044 13.0332107, 77.6732659 13.0327826, 77.6738817 13.0327368, 77.6738772 13.0331915, 77.6733044 13.0332107))",,,,school,,Kalkere Government High School,ýýýýýýýýýýýýýýýýýýýýýýýý ýýýýýýýýýýýýýýýýýýýýý ýýýýýýýýýýýýýýý ýýýýýýýýýýýý,,,,,,,,,,,,,,,,,,,,,,,,,,,,,,,,,,,,,,,,,,,,,,,,,,,,,,,,,,,
way,252086267,"POLYGON ((77.7043359 13.006705, 77.7051002 13.0065426, 77.7050921 13.0064871, 77.7053327 13.0064393, 77.7052375 13.0058565, 77.7051061 13.0058199, 77.7049823 13.0058375, 77.7046245 13.0060039, 77.7041773 13.0061663, 77.7042261 13.0065466, 77.7043359 13.006705))",,,,school,,Chaitanya School,ýýýýýýýýýýýýýýýýýýýýý ýýýýýýýýýýýý,,,,,,,,,,,,,,,,,,,,,,,,,,,,,,,,,,,,,,,,,,,,,,,,,,,,,,,,,,,
way,252087018,"POLYGON ((77.7012601 13.0103637, 77.7012708 13.0097996, 77.7019628 13.0097574, 77.7020272 13.0105414, 77.7012601 13.0103637))",,,,school,,Amar Jyothi Public School & Pre-University College,,,,,,,,,,,,,,,,,,,,,,,,,,,,,,,,,,,,,,,,,,,,,,,,,,,,,,,,,,,,
way,252087030,"POLYGON ((77.7044641 13.0110437, 77.7044517 13.0107112, 77.7049146 13.0107116, 77.7049099 13.0109625, 77.7051274 13.0109627, 77.705153 13.0114251, 77.7049242 13.0113277, 77.7044641 13.0110437))","K R Puram, Bangalore",,,school,,Cambridge School,ýýýýýýýýýýýýýýýýýýýýýýýýýýý ýýýýýýýýýýýý,,,,,,,,,,,,,,,,,,,,,,,,,,,,,,,,,,,,,,,,,,,,,,,,,,,,,,,,,,,
way,257750531,"POLYGON ((77.6804768 13.0164819, 77.6804748 13.016358, 77.6808531 13.0163404, 77.6808535 13.0162677, 77.6810039 13.0162592, 77.6810061 13.0163291, 77.6814791 13.0162939, 77.6814825 13.0164108, 77.6804768 13.0164819))",,,,school,,Christ the King School,ýýýýýýýýýýýýýýýýýýýýýýýýýýýýýý ýýýýýýýýýýýý,,,,,,,,,,,,,,,,,,,,,,,,,,,,,,,,,,,,,,,,,,,,,,,,,,,,,,,,,,,
way,257750537,"POLYGON ((77.6813276 13.0190846, 77.6813204 13.0189583, 77.6816509 13.0189519, 77.6816817 13.0192243, 77.681481 13.019244, 77.6814717 13.01909, 77.6813276 13.0190846))",,,,school,,Kowdenahalli Government School,ýýýýýýýýýýýýýýýýýýýýýýýýýýýýýý ýýýýýýýýýýýýýýýýýýýýý ýýýýýýýýýýýý,,,,,,,,,,,,,,,,,,,,,,,,,,,,,,,,,,,,,,,,,,,,,,,,,,,,,,,,,,,
way,259894700,"POLYGON ((77.7148836 12.9533968, 77.7149905 12.953407, 77.7150061 12.9532518, 77.7148991 12.9532417, 77.7148836 12.9533968))",,,,school,,Sarah Montessori,,,,,,,,,,,,,,,,,,,,,,,,,,,,,,,,,,,yes,,,,,,,,,,,,,,,,,,,,,,,,,
way,262198741,"POLYGON ((77.7053584 12.9555896, 77.705257 12.9555889, 77.7052582 12.955419, 77.7053597 12.9554197, 77.7053584 12.9555896))",,,,hospital,,Lions Seva Hospital,,,hospital,,,,,,,,,,,,,,,,,,,,,,,,,,,,,,,,yes,,,,,,,,,,,,,,,,,,,,,,,,,
way,283808758,"POLYGON ((77.7021742 12.9993418, 77.7021179 12.9987427, 77.7030085 12.9986573, 77.7039474 12.9985858, 77.7040631 12.9991946, 77.7027731 12.9992979, 77.7021742 12.9993418))",,560048,4th Cross Road,school,,The Brigade School,,,,,,,,,,,,9,The Brigade School @ Mahadevapura,,,,,,,+918041158829;+919108551684;+919108424914,https://www.brigadeschools.edu.in/the-brigade-school-mahadevapura/,tbswcommunication@brigadeschools.edu.in,,,Mo-Fr 08:30-17:00; Sa 08:30-14:00,,,,,,,,,,,,,,,,,,,,,,,,,,,,,,,,,,,
way,290187542,"POLYGON ((77.6657975 12.9610773, 77.6662637 12.9608637, 77.6665641 12.960801, 77.6669509 12.9607845, 77.6673634 12.9608219, 77.6676965 12.9608786, 77.6681225 12.9610153, 77.6682539 12.9617263, 77.6672454 12.9625209, 77.6655829 12.96378, 77.6653415 12.9639525, 77.6647822 12.9632004, 77.664553 12.9630324, 77.665157 12.9620988, 77.6652831 12.9619103, 77.6651962 12.9617786, 77.665341 12.9615851, 77.6657975 12.9610773))",,,,hospital,,HAL Hospital,ýýýýýýýýýýýýýýýýýýýýý ýýýýýýýýýýýýýýýýýýýýýýýý,yes,,,,,,,,,yes,,,,,,,,,,,,,,,,,,,,,,,,,,,Hindustan Aeronautics Limited Hospital,,,,,,,,,,,,,,,,,,,,,,
way,314210261,"POLYGON ((77.6737038 12.9797763, 77.6745046 12.9795041, 77.6743566 12.9791295, 77.6743922 12.97911, 77.674358 12.9790293, 77.6742963 12.9788839, 77.6740589 12.9783249, 77.6735859 12.9784805, 77.6737681 12.9788968, 77.6734707 12.9790088, 77.6737038 12.9797763))",,,,school,,NCFE School,,,,,,,,,,,,,,,,,,,,,,,,,,,,,,,,,,,,,,,school,,,,,,,,,,,,,,,,,,,,,
way,323037303,"POLYGON ((77.6695693 12.973276, 77.6692012 12.9735887, 77.6684861 12.9727944, 77.6688582 12.9724797, 77.6695693 12.973276))",,,,school,,Shishya BEML Public School,,,,,,,,,,,,,,,,,,,,,,,,,,,,,,,,,,,,,,,,,,,,,,,,,,,,,,,,,,,,
way,346449367,"POLYGON ((77.7477389 12.9830027, 77.7479356 12.9829375, 77.7478862 12.982796, 77.7476895 12.9828611, 77.7477389 12.9830027))",,,,hospital,,Amrik Hospital,,no,hospital,,,,,,,,,,,,,,,,,,,,,,,,,,,,,,,,yes,,,,,,,,,,,,,,,,,,,,,,,,,
way,346714039,"POLYGON ((77.7125706 12.9600078, 77.7126768 12.9600206, 77.7126902 12.9599161, 77.7125839 12.9599032, 77.7125706 12.9600078))",Bangalore,560037,"3rd Cross Road, Vaikuntam Layout",hospital,,Ways2Guide Speech Therapy Center,,,hospital,,,Bengaluru Urban,,,,,limited,15,,,,,,,,,,,,,,,,,,,,,,,,,,,,1,Speech Therapy Center,,,,,,,,,,,,,,,,,,,
way,346722362,"POLYGON ((77.6937069 12.9718552, 77.6938453 12.9718549, 77.6938451 12.9717686, 77.6937066 12.9717689, 77.6937069 12.9718552))",,560037,,hospital,01-04-2024,Government Primary Health Centre,ýýýýýýýýýýýýýýýýýýýýý ýýýýýýýýýýýýýýýýýýýýýýýý ýýýýýýýýýýýýýýýýýý ýýýýýýýýýýýýýýýýýý,,hospital,,,Bangalore,"Vibhutipura Extension, Doddanekundi",Karnataka,,OpenGovernmentData,,,,,,,,,,,,,,,,,Bangalore East,,,,,,,,yes,,,,,1,,,,,,,,,,,,,,,,,,,,
way,346736766,"POLYGON ((77.7446231 12.968467, 77.7447229 12.968461, 77.7447147 12.968333, 77.7446149 12.968339, 77.7446231 12.968467))",,,,school,,Eurokids,,,,,,,,,,,,,,,,,,,,,,,,,,,,,,,,,,,school,,,,,2,,,,,,,,,,,,,,,,,,,,
way,346842857,"POLYGON ((77.7067542 12.9922729, 77.7068337 12.9919833, 77.7062076 12.9918301, 77.7061156 12.9921149, 77.7065535 12.9922212, 77.7067542 12.9922729))",,,,hospital,,Kinder Women's Hospital & Fertility Center,,yes,hospital,,,,,,,,yes,,,,,,,,,+91 80 2888 8880,https://kinderhospitals.com/,contactus.blr@kinderhospitals.com,gynaecology;urology;neonatology;paediatrics;plastic_surgery;anaesthetics;surgery;general;dermatology,,,,,,,,,,,,,,,,,,,,,,,,,,,,,,,,,,,,,
way,346857854,"POLYGON ((77.6829008 12.9551356, 77.6829055 12.9550092, 77.682716 12.9550024, 77.6827112 12.9551289, 77.6829008 12.9551356))",,,,police,,HAL Police Station,,,,,,,,,,,,,,Bangalore City Police,,,,,,,,,,,,,,,,,,,,Q4855039,yes,,,,,,,en:Bangalore City Police,,,,,,,,,,,,,,,,,,
way,347017336,"POLYGON ((77.683938 12.9743589, 77.6843157 12.9741688, 77.6841343 12.9738248, 77.6837658 12.9739938, 77.683938 12.9743589))",,,,school,,Shri Shri Ravishankar Vidya Mandir,,,,,,,,,,,,,,,,,,,,,,,,,,,,,,,,,,,,,,,,,,,education,,,,,,,,,,,,,,,,,
way,360342803,"POLYGON ((77.7455208 12.9587744, 77.7460376 12.9585061, 77.7457783 12.9579249, 77.7448289 12.9580124, 77.7448829 12.9585113, 77.7451587 12.9587404, 77.7455208 12.9587744))",,,,hospital,03-06-2025,Manipal Hospitals,ýýýýýýýýýýýýýýýýýý ýýýýýýýýýýýýýýýýýýýýýýýý,yes,hospital,,,,,,,,,,,,,,,,,,,,general;paediatrics;emergency;gynaecology,,,,,,,,,,,,,,,,,,,,,Columbia Asia Whitefield,,,,,,,,,,,,,,,,
way,360347699,"POLYGON ((77.7026868 12.9659818, 77.7025173 12.9657924, 77.7024194 12.9658755, 77.7025354 12.9660052, 77.7026392 12.9660223, 77.7026868 12.9659818))",,,,hospital,31-05-2025,Jeevika Hospital,ýýýýýýýýýýýýýýý ýýýýýýýýýýýýýýýýýýýýýýýý,yes,,,,,,,,survey,yes,,,,,,,,,,,,,,,,,,,,,,,,yes,,,,,,,,,,yes,yes,yes,,,,,,,,,,,,,
way,363099987,"POLYGON ((77.7001753 12.9563765, 77.7000445 12.9557825, 77.7005492 12.9556372, 77.70069 12.9560672, 77.70052 12.9561264, 77.7005487 12.9562908, 77.7001753 12.9563765))",,,,school,06-04-2025,Sri Chaitanya School,ýýýýýýýýýýýý ýýýýýýýýýýýýýýýýýý ýýýýýýýýýýýý,,,,,,,,,,yes,,,,,,,,,,,,,,,,,,,,,,,,,,,,,,,,,,,,,,,,,,,,,,,,,
way,391707444,"POLYGON ((77.7184258 12.9956191, 77.7185733 12.9955694, 77.7187181 12.995572, 77.7188093 12.995572, 77.718771 12.9951134, 77.7184414 12.9951846, 77.7184258 12.9956191))",,,,school,,Hoodi Primary School,ýýýýýýýýýýýý ýýýýýýýýýýýýýýýýýýýýýýýý ýýýýýýýýýýýý,,,,,,,,,,,,,,,,,,,,,,,,,,,,,,,,,,,,,,,,,,,,,,,,,,,,,,,,,,,
way,415125446,"POLYGON ((77.6704665 12.9770149, 77.6716669 12.9764595, 77.6718528 12.9768317, 77.6719384 12.9770022, 77.6722037 12.977518, 77.6718476 12.977718, 77.6712154 12.9780731, 77.6712682 12.9781741, 77.670895 12.9783921, 77.6705755 12.9778507, 77.6707126 12.9777801, 77.6705655 12.9774079, 77.6705004 12.977156, 77.6704665 12.9770149))",,,,school,,Global City International School,,,,,,,,,,,,,,,,,,,,,,,,,,,,,,,,,,,,,,,,,,,,,,,,,,,,,,,,,,,,
way,518601913,"POLYGON ((77.727416 12.969729, 77.7272477 12.9698709, 77.7271408 12.9699611, 77.726688 12.9702913, 77.7279094 12.9702857, 77.7279496 12.9700165, 77.728026 12.9698505, 77.7280288 12.9697342, 77.7279561 12.9696253, 77.7276467 12.9696686, 77.727416 12.969729))",,,,school,,Nallurahalli Government School,ýýýýýýýýýýýýýýýýýýýýýýýýýýýýýýýýý ýýýýýýýýýýýýýýýýýýýýý ýýýýýýýýýýýý,,,,,,,,,,,,,,,,,,,,,,,,,,,,,,,,,,,,,,,,,,,,,,,,,,,,,,,,,,,
way,525510061,"POLYGON ((77.6958936 12.9603957, 77.6962003 12.9604969, 77.6962877 12.9606059, 77.6956037 12.9616578, 77.6949484 12.9613778, 77.6944649 12.9611713, 77.6932709 12.9609664, 77.6934474 12.9599265, 77.6950664 12.9602374, 77.6950665 12.9600839, 77.6958811 12.9603139, 77.6958936 12.9603957))",,,,school,,Vimanapura East Extension Primary School,,,,,,,,,,,,,,,,,,,,,,,,,,,,,,,,,,,,,,,,,,,,,,,,,,,,,,,,,,,,
way,553065516,"POLYGON ((77.6652296 12.960905, 77.6651996 12.9602274, 77.6641777 12.9602742, 77.6642047 12.9609546, 77.6652296 12.960905))",,,,school,,HAL West Primary School,,,,,,,,,,,,,,,,,,,,,,,,,,,,,,,,,,,,,,,,,,,,,,,,,,,,,,,,,,,,
way,598030834,"POLYGON ((77.729248 12.9879849, 77.7284196 12.9874446, 77.7280347 12.9879531, 77.7281352 12.9886978, 77.7287428 12.9885719, 77.72873 12.9884903, 77.728951 12.9884445, 77.729248 12.9879849))",Bangalore,560048,Whitefield Main Road,hospital,,Manipal Hospitals Whitefield,ýýýýýýýýýýýýýýýýýý ýýýýýýýýýýýýýýýýýýýýýýýý,yes,hospital,,,,,,,,yes,"Manipal Hospitals Whitefield #143, 212-2015",,,,,,,,1800 3001 4000,https://www.manipalhospitals.com/whitefield/,,general;paediatrics;orthopaedics;rheumatology;urology;radiology;gynaecology;endocrinology,,,,,,,,,,,,,,,,,,,,,,,,,,,,,,,,,,,,,
way,632111019,"POLYGON ((77.6975146 12.9754139, 77.6975872 12.9755052, 77.6976703 12.9757656, 77.6981534 12.9756673, 77.698003 12.97485, 77.6978685 12.9748629, 77.6975146 12.9754139))",,,,hospital,16-08-2025,Rainbow Children's Hospital,,yes,hospital,,,,,,,,yes,,,,,private,,,,,,,,,,,,,,,,,,,,,,,,,,,,,,,,yes,yes,,,,,,,,,,,
way,658040989,"POLYGON ((77.6748579 12.9766254, 77.6753985 12.9765175, 77.6753665 12.9763655, 77.674826 12.9764733, 77.6748579 12.9766254))",,,,school,,Chaitanya E-Techno Scool,,,,,,,,,,,,,,Private,,,,,,,,,,,,,,,,,,,,,school,,,,,,,,,,,,,,,,,,,,,,,,,
way,668040798,"POLYGON ((77.7017197 12.9982832, 77.7029587 12.9981644, 77.7030085 12.9986573, 77.7021179 12.9987427, 77.7017695 12.9987761, 77.7017381 12.9984658, 77.7017197 12.9982832))",,,,fire_station,,Mahadevapura Fire Station,ýýýýýýýýýýýýýýýýýýýýýýýýýýý ýýýýýýýýýýýýýýýýýýýýýýýýýýý ýýýýýýýýýýýý,,,,,,,,,,,,,,,,,,,,,,,,,,,,,,,,,,,,,,,,,,,,,,,,,,,,,,,,,,,
way,673658389,"POLYGON ((77.7417727 12.9690382, 77.7415587 12.9690265, 77.7415798 12.9680257, 77.7415095 12.9680202, 77.741541 12.9679099, 77.7416309 12.9679012, 77.7417159 12.967905, 77.7417854 12.9683403, 77.7417727 12.9690382))",,,,school,,Narayana School,ýýýýýýýýýýýýýýýýýý ýýýýýýýýýýýý,,,,,,,,,,,,,,,,,,,,,,,,,,,,,,,,,,,,,,,,,,,,,,,,,,,,,,,,,,,
way,674106057,"POLYGON ((77.7495473 12.9659431, 77.7492693 12.9660232, 77.7492247 12.9658762, 77.7492888 12.9658577, 77.7492931 12.9658722, 77.7495071 12.9658106, 77.7495473 12.9659431))",,,Whitefield Main Road,hospital,12-07-2025,Svastha Hospital,,yes,hospital,,,,,,,,yes,,,,,,,,,,,,neurology;dermatology;cardiology;pulmonology;plastic_surgery;physiatry;urology;fertility;internal;paediatrics;otolaryngology,,,,,,,,,,,,yes,,,,,3,,,,,,,,,,0,flat,yes,,,,,,,,
way,679185386,"POLYGON ((77.7000332 13.0073672, 77.7005509 13.0072339, 77.7002934 13.0062277, 77.6997569 13.0064237, 77.7000332 13.0073672))",,,,school,,Bharathiya Vidhyaniketan High School,ýýýýýýýýýýýýýýýýýý ýýýýýýýýýýýýýýýýýýýýýýýýýýýýýýýýýýýý ýýýýýýýýýýýýýýý ýýýýýýýýýýýý,,,,,,,,,,,,,,,,,,,,,,,,,,,,,,,,,,,,,,,,,,,,,,,,,,,,,,,,,,,
way,679270115,"POLYGON ((77.7036059 13.0076076, 77.7023774 13.0076416, 77.702341 13.007318, 77.7023077 13.0071476, 77.7035925 13.0070196, 77.7036059 13.0076076))",,,,school,,,,,,,,,,,,,,,,,,,,,,,,,,,,,,,,,,,,,,,,,,,,,,,,,,,,,,,,,,,,,,
way,704936395,"POLYGON ((77.7496642 12.9687827, 77.7496936 12.9689609, 77.7493261 12.9690182, 77.7492967 12.9688401, 77.7494073 12.9688228, 77.7496642 12.9687827))",Bangalore,560066,Whitefield Main road,hospital,,Pushpa Nursing Home,,,hospital,,,,,,,,,284,,,,,,,,9.17677E+11,https://www.pushpanursinghome.com/,,,,,,,,,,,,,,,,,,,,,,,,,,,,,,,,,,,,,,,
way,796370470,"POLYGON ((77.6815939 13.0049601, 77.682416 13.0054446, 77.6831194 13.0043115, 77.6822973 13.0038271, 77.6815939 13.0049601))",,,,hospital,,ITI General Hospital,,,,,,,,,,,,,,,,,,,,,,,,,,,,,,,,,,,,,,,,,,,,,,,,,,,,,,,,,,,,
way,997867402,"POLYGON ((77.693089 13.008862, 77.6933827 13.0088502, 77.6933692 13.0086869, 77.6933583 13.0084621, 77.6930351 13.0084033, 77.6930286 13.0084844, 77.693089 13.008862))",Bangalore,560036,New Police Station Road,police,,KR Puram Police Station,ýýýýýýýýýýýýýýýýýý ýýýýýýýýýýýý,,,,,,,,,,,,,,,,,,,,,,,,,,,,,,,,,,,,,,,,,,,,,,,,,,,,,,,,,,,
way,1054384478,"POLYGON ((77.672688 12.9766955, 77.6728502 12.9766484, 77.6730168 12.9766416, 77.6731183 12.9766374, 77.6732883 12.9766093, 77.673063 12.9761048, 77.6730204 12.9759812, 77.6724805 12.9761673, 77.672688 12.9766955))",,,,school,,Sishu Griha Junior School,,,,,,,,,,,,,,,,,,,,,,,,,,,,,,,,,,,,,,,,,,,,,,,,,,,,,,,,,,,,
way,1066371922,"POLYGON ((77.7059081 12.9615503, 77.7060044 12.9615963, 77.7063271 12.9615669, 77.706731 12.9616809, 77.7065762 12.9622566, 77.7072916 12.9623872, 77.7073381 12.9624287, 77.7077333 12.9624617, 77.7085322 12.9625559, 77.7085703 12.9622202, 77.7080975 12.9623748, 77.7074878 12.9620984, 77.7072104 12.9617545, 77.7071509 12.9616364, 77.7070704 12.9614264, 77.7070141 12.9606801, 77.7068826 12.9604057, 77.7064567 12.9604205, 77.7058496 12.9604762, 77.7059081 12.9615503))",,,,school,,GJR International School,,,,,,,,,,,,,,,,,,,,,,,,,,,,,,,,,,,,,,,,,,,,,,,,,,,,,,,,,,,,
way,1072674743,"POLYGON ((77.7337266 12.9882441, 77.7341813 12.9882817, 77.7341671 12.9884436, 77.7337124 12.9884059, 77.7337266 12.9882441))",,,Sadarmangala Road,hospital,05-07-2025,Aster Women and Children Hospital,,,,,,,,,,,,,,,,,,,,,,,,,,,,,,,,,,,hospital,,,,,4,,,,,,,,,,1,flat,,,,,,,,,
way,1075362335,"POLYGON ((77.7466779 12.9591574, 77.7468962 12.9590636, 77.7467526 12.958774, 77.7465425 12.9588707, 77.7466779 12.9591574))",,,,hospital,23-06-2025,Motherhood Whitefield,,,hospital,,,,,,,,,,,,,,,,,18002585727,https://femiinthealth.com/,,maternity;gynaecology;paediatrics,,,,,,,,,,,,,,,,,,,,,,,,,,,,,,,,,,,,,
way,1077580399,"POLYGON ((77.7210145 12.9553588, 77.7211932 12.9553618, 77.7213564 12.9553607, 77.7213691 12.9555342, 77.7212848 12.9555391, 77.7212855 12.9556726, 77.7209941 12.9556753, 77.7210027 12.9555585, 77.7210145 12.9553588))",,,,school,,"Government Lower Primary School, Thubarahalli","ýýýýýýýýýýýýýýýýýýýýý ýýýýýýýýýýýý, ýýýýýýýýýýýýýýýýýýýýýýýýýýý",,,,,,,,,,,,,Government of Karnataka,,government,,,,,,,,,,,,,,,,,,,,,,,,,,,,,,,,,,,,,,,,,,,,
way,1082139631,"POLYGON ((77.7172014 12.966908, 77.7174116 12.9668674, 77.7173543 12.9665856, 77.7171441 12.9666261, 77.7172014 12.966908))",,,,hospital,,Apollo Cradle,,,hospital,,,,,,,,yes,,,,,,,,,,,,,,,,,,,,,,,,yes,,,,,,,,,,,,,,,,,,,,,,,,,
way,1082259059,"POLYGON ((77.7044882 12.9716316, 77.7037142 12.9716774, 77.7037016 12.9715217, 77.7037863 12.9715156, 77.7037863 12.9714911, 77.7038771 12.9714881, 77.7038803 12.9714636, 77.7039993 12.9714606, 77.7040025 12.971427, 77.7041905 12.971427, 77.7043347 12.9713293, 77.7044757 12.9714911, 77.7044882 12.9716316))",,,,school,,Ekya School,,,,,,,,,,,,,,,,,,,,,,,,,,,,,,,,,,,school,,,,,,,,,,,,,,,,,,,,,,,,,
way,1084450361,"POLYGON ((77.7182205 12.9920951, 77.7180307 12.9914957, 77.7183077 12.9914255, 77.7184953 12.9920781, 77.7182205 12.9920951))","Hoodi, Mahadevapura, Bangalore",560048,Whitefield Road,school,,Sri Chaitanya Techno School,ýýýýýýýýýýýý ýýýýýýýýýýýýýýýýýý ýýýýýýýýýýýýýýýýýý ýýýýýýýýýýýý,,,,,,,,,,,,,,,,,,,,,,,,,,,,,,,,,,,,,,,,,,,,,,,,,,,,,,,,,,,
way,1085652635,"POLYGON ((77.719604 12.9596771, 77.7195923 12.9595367, 77.7198251 12.959522, 77.7200642 12.9595123, 77.720075 12.9596476, 77.719604 12.9596771))",,,,school,21-11-2025,Little Explorers Academy,,,,,,,,,,,,,,,,,,,,,,,,,,,,,,,,,,,,,,,,,,,,,,,,,,,,,0-5,,,,,,,
way,1088209024,"POLYGON ((77.7503827 12.961568, 77.748895 12.9616287, 77.7489064 12.9620433, 77.7499818 12.9626526, 77.7504399 12.962967, 77.7503827 12.961568))",,,,school,01-08-2025,Carmel Teresa School,,,,,,,,,,,,,,,,,,,,,,,,,,,,,,,,,,,,,,,,,,,,,,,,,,,,,,,,,,,,
way,1088209026,"POLYGON ((77.7508811 12.9755105, 77.7508675 12.9753069, 77.7510216 12.9753001, 77.7511771 12.9752766, 77.7514237 12.9752344, 77.7514244 12.9756506, 77.751379 12.9756153, 77.7513156 12.9755782, 77.7512583 12.9755554, 77.7512043 12.9755412, 77.7511684 12.9755345, 77.7511325 12.9755343, 77.7510871 12.9755098, 77.7510462 12.9754924, 77.7510041 12.9754875, 77.7509714 12.9754918, 77.7508811 12.9755105))",,560066,Whitefield Main Road,police,20-12-2025,Whitefield Police Station -Office of the Deputy Commisionner,,,,,,,,,,,,,,,,,,,,,,Whitefieldbcp@ksp.gov.in,,,,,,,,,,,,,,,,,,,,,,,,,,,,,,,,080 22434 72,Whitefieldbcp,Whitefieldbcp,,,,
way,1101376586,"POLYGON ((77.731851 12.9875049, 77.7318586 12.9871566, 77.7322168 12.9871352, 77.7323715 12.9874335, 77.731851 12.9875049))",,,,fire_station,07-07-2025,Whitefield Fire Station,ýýýýýýýýýýýýýýýýýýýýýýýýýýýýýýýýýýýý ýýýýýýýýýýýýýýýýýýýýýýýýýýý ýýýýýýýýýýýý,,,,,,,,,,,,,,,,,,,,,,,,,,,,,,,,,,,,,ITPL fire station,,,,,,,,,,,,,,,,,,,,,,
way,1119385374,"POLYGON ((77.6802382 12.9646574, 77.6801774 12.9644712, 77.6803701 12.9643915, 77.6806132 12.9643367, 77.6806274 12.9644158, 77.6812118 12.96434, 77.6812303 12.9644569, 77.6811001 12.9644856, 77.6806716 12.9645694, 77.6802382 12.9646574))",,,,school,,Suvarnashree Gurukul,,,,,,,,,,,,,,,,,,,,,,,,,,,,,,,,,,,,,,,,,,,,,,,,,,,,,,,,,,,,
way,1135846658,"POLYGON ((77.713432 12.9864911, 77.7146341 12.9862029, 77.7145829 12.9859364, 77.7145843 12.985388, 77.7134181 12.9850815, 77.7134085 12.985147, 77.7134125 12.9856335, 77.7134101 12.9857322, 77.71343 12.9862344, 77.713432 12.9864911))",,,,school,,EuroSchool Whitefield,,,,,,,,,,,,,,,,,,,,,,,,,,,,,,,,,,,,,,,,,,,,,,,,,,,,,,,,,,,,
way,1150511287,"POLYGON ((77.7130462 12.9644446, 77.7130896 12.9642181, 77.713228 12.9642433, 77.7131846 12.9644698, 77.7130462 12.9644446))",,,,school,13-07-2024,TALC - The Alternative Learning Community,,,,,,,,,,,,,,,,,,,,,https://www.talcworld.com/,,,,,,,,,,,,,,,,,,,,,,,,,,,,,,,,,,,,,,,
way,1151907062,"POLYGON ((77.7185585 12.9841296, 77.7185531 12.9837826, 77.7194543 12.9835917, 77.7195941 12.9839837, 77.7193204 12.9840155, 77.7185585 12.9841296))",,,,school,,Government Primary School,ýýýýýýýýýýýýýýýýýýýýý ýýýýýýýýýýýýýýýýýýýýýýýý ýýýýýýýýýýýý,,,,,,,,,,,,,,,,,,,,,,,,,,,,,,,,,,,,,,,,,,,,,,,,,,,,,,,,,,,
way,1154805390,"POLYGON ((77.7168305 12.9613221, 77.7168828 12.9611518, 77.7179627 12.9611034, 77.7179711 12.9612915, 77.717378 12.9613078, 77.7168305 12.9613221))",,,,school,,Narayana,,,,,,,,,,,,,,,,,,,,,,,,,,,,,,,,,,,,,,,,,,,,,,,,,,,,,,,,,,,,
way,1195542199,"POLYGON ((77.7184279 12.9956419, 77.718148 12.995691, 77.7181078 12.9951424, 77.7184328 12.9951328, 77.7184279 12.9956419))",,,,school,,Government PUC,ýýýýýýýýýýýýýýýýýýýýý ýýýýýýýýýýýýýýýýýýýýýýýýýýý ýýýýýýýýýýýýýýýýýý,,,,,,,,,,,,,,,,,,,,,,,,,,,,,,,,,,,,,,,,,,,,,,,,,,,,,,,,,,,
way,1196104387,"POLYGON ((77.7035378 13.028041, 77.7030989 13.0278801, 77.7026208 13.0255145, 77.7032499 13.0253309, 77.7035378 13.028041))",,,,school,,Assisi School,,,,,,,,,,,,,,,,,,,,,,,,,,,,,,,,,,,,,,,,,,,,,,,,,,,,,,,,,,,,
way,1213188974,"POLYGON ((77.6675857 12.9696887, 77.66786 12.9696813, 77.668658 12.9696626, 77.6687107 12.9692466, 77.6685958 12.9692545, 77.6684745 12.9692552, 77.6678433 12.9692698, 77.6675706 12.9692804, 77.6675857 12.9696887))",,,,school,,Orchids The International School - C V Raman Nagar,,,,,,,"Khata no:152, CV Raman Nagar, Survey no 136/3B, 7th Cross Road,, Vibhutipura Village, Jagadish Nagar, New Tippasandra, Bengaluru, Karnataka 560075",,,,,,,Orchids International School,,,,,,9513922803,https://www.orchidsinternationalschool.com/bangalore-branches/cv-raman-nagar/,communications.oiscvr@orchids.edu.in,,,Mo-Su 09:00-18:30,,,,,,,,,,,,,,,,,,,,,,,,,,,,,,,,,,,
way,1217530866,"POLYGON ((77.6702835 12.9870459, 77.6702285 12.9876797, 77.6702786 12.9880185, 77.6696449 12.9880214, 77.6696357 12.9870303, 77.6702835 12.9870459))",,,,school,,,,,,,,,,,,,,,,,,,,,,,,,,,,,,,,,,,,,,,,,,,,,,,,,,,,,,,,,,,,,,
way,1241563220,"POLYGON ((77.7157426 13.0198326, 77.7155148 13.0198559, 77.7151554 13.0198925, 77.7153218 13.0204558, 77.7158994 13.0203145, 77.7157426 13.0198326))",,,,school,,Blossom International School,,,,,,,,,,,,,,,,,,,,,,,,,,,,,,,,,,,,,,,,,,,,,,,,,,,,,,,,,,,,
way,1251508636,"POLYGON ((77.7303802 13.0160078, 77.7306677 13.0161436, 77.7309762 13.0165773, 77.7311388 13.0167923, 77.7312651 13.0169718, 77.7313032 13.0169649, 77.7318024 13.016875, 77.7322049 13.0168024, 77.7321385 13.0165033, 77.7326078 13.0163554, 77.7324636 13.01589, 77.7322662 13.015407, 77.7321464 13.0151608, 77.7320266 13.0149589, 77.7311962 13.0149836, 77.7310884 13.0150721, 77.7305958 13.0155962, 77.7303091 13.0159168, 77.7303802 13.0160078))",,,,school,,Lake Montfort,,,,,,,,,,,,,,,,,,,,,,,,,,,,,,,,,,,,,,,,,,,education,,,,,,,,,,,,,,,,,
way,1251508640,"POLYGON ((77.7431712 13.002156, 77.7439037 13.0020226, 77.7439181 13.002075, 77.7444398 13.001926, 77.744772 13.0019002, 77.7449656 13.0018397, 77.7448638 13.0015685, 77.7446845 13.0011062, 77.7446517 13.0010217, 77.7438527 13.0011457, 77.7437809 13.0013604, 77.7431229 13.0014451, 77.7431712 13.002156))",,,,school,,,,,,,,,,,,,,,,,,,,,,,,,,,,,,,,,,,,,,,,,,,,,,,,,,,,,,,,,,,,,,
way,1259449682,"POLYGON ((77.7195874 12.9546671, 77.7199144 12.9546417, 77.719913 12.9546692, 77.7201612 12.9546536, 77.7201533 12.9546002, 77.7201575 12.95457, 77.7201888 12.9544905, 77.7201249 12.9541282, 77.7195958 12.954224, 77.7195144 12.9542267, 77.7195439 12.9544633, 77.7195874 12.9546671))",,,,school,,Narayana e-techno School,,,,,,,,,,,,,,,,,,,,,,,,,,,,,,,,,,,,,,,,,,,education,,,,,,,,,,,,,,,,,
way,1266460872,"POLYGON ((77.6694962 13.0358122, 77.6700689 13.0357142, 77.6702768 13.0359782, 77.6704296 13.0363584, 77.6695995 13.0365293, 77.6694962 13.0358122))",,,,school,,,,,,,,,,,,,,,,,,,,,,,,,,,,,,,,,,,,,,,,,,,,,,,,,,,,,,,,,,,,,,
way,1266481189,"POLYGON ((77.6700517 13.0375765, 77.6706488 13.0374982, 77.6706667 13.0375004, 77.671199 13.0375601, 77.6711855 13.0380633, 77.671181 13.038127, 77.670827 13.0382081, 77.6707687 13.0382159, 77.6704159 13.038197, 77.6701454 13.0381918, 77.6700517 13.0375765))",Bengaluru,560113,"C Pillappa Farms, Kalkere Agara Main Road, Kalkere",school,,National Public School Kalkere,ýýýýýýýýýýýýýýýýýýýýýýýýýýý ýýýýýýýýýýýýýýýýýýýýýýýýýýý ýýýýýýýýýýýý ýýýýýýýýýýýýýýýýýýýýýýýý,,,,,,,,,,,,,,,,,,,,https://npskalkere.com/,,,,,,,,,,,,,,,,,,,,,,,,,,,,,,,,,,,,,,,
way,1267710958,"POLYGON ((77.687691 12.9924038, 77.6873074 12.9927331, 77.6873048 12.9929042, 77.6875757 12.9929931, 77.6876514 12.9929147, 77.6878881 12.9927958, 77.687809 12.992669, 77.6879237 12.9925344, 77.6878801 12.9924969, 77.6877859 12.992328, 77.6877702 12.9923454, 77.6876761 12.9921312, 77.687582 12.9919036, 77.6874938 12.9917905, 77.6873934 12.9916773, 77.6872444 12.9919059, 77.6874603 12.9920496, 77.6875214 12.992115, 77.687691 12.9924038))",,,,school,,Government High-Tech Kannada and English Medium Higher Primary School,,,,,,,,,,,,,,,,,,,,,,,,,,,,,,,,,,,,,,,,,,,education,,,,,,,,,,,,,,,,,
way,1267711039,"POLYGON ((77.6943151 12.9903832, 77.694316 12.9904217, 77.6943335 12.9908892, 77.6939904 12.9909127, 77.6936445 12.9909812, 77.6934847 12.9906258, 77.6934457 12.9904871, 77.6938867 12.99041, 77.6941177 12.9903791, 77.6943151 12.9903832))",,,,school,,MTB School,,,,,,,,,,,,,,,,,,,,,,,,,,,,,,,,,,,,,,,,,,,,,,,,,,,,,,,,,,,,
way,1274064843,"POLYGON ((77.6984691 13.0300178, 77.6987152 13.029962, 77.6987951 13.03012, 77.6985299 13.0303208, 77.6984691 13.0300178))",,,Halehalli Main Road,school,,Indusridge College of Commerce,,,,,,,,,,,,63,,,,,,,,,,,,,,,,,,,,,,,,,,,,,,,education,,,,,,,,,,,,,,,,,
way,1279691328,"POLYGON ((77.7433723 13.0408189, 77.7444356 13.041587, 77.7458293 13.0397475, 77.745178 13.0392802, 77.7446692 13.0389152, 77.7443658 13.0395136, 77.7433723 13.0408189))",,,,school,,Auxillium School,,,,,,,,,,,,,,,,,,,,,,,,,,,,,,,,,,,,,,,,,,,education,,,,,,,,,,,,,,,,,
way,1280086942,"POLYGON ((77.7483934 13.0031347, 77.749536 13.0028812, 77.7493899 13.0024487, 77.7491055 13.0017667, 77.7485436 13.0019038, 77.7485678 13.0021547, 77.7479951 13.0022266, 77.7483934 13.0031347))",,,,school,,National Public School Whitefield,ýýýýýýýýýýýýýýýýýýýýýýýýýýý ýýýýýýýýýýýýýýýýýýýýýýýýýýý ýýýýýýýýýýýý ýýýýýýýýýýýýýýýýýýýýýýýýýýýýýý,,,,,,,,,,,,,,,,,,,,,,,,,,,,,,,,,,,,,,,,,,,,,,,,,,,,,,,,,,,
way,1280086981,"POLYGON ((77.743005 13.0027689, 77.7429955 13.0022867, 77.7418341 13.0026408, 77.7418671 13.0032781, 77.7424514 13.0031547, 77.7423933 13.0028865, 77.743005 13.0027689))",,,,school,,Mount Litera Zee School,,,,,,,,,,,,,,,,,,,,,,,,,,,,,,,,,,,,,,,,,,,,,,,,,,,,,,,,,,,,
way,1296336694,"POLYGON ((77.7027382 12.9621815, 77.7037843 12.9620953, 77.7036852 12.9627825, 77.7027145 12.9627988, 77.7027382 12.9621815))",,,,school,,,,,,,,,,,,,,,,,,,,,,,,,,,,,,,,,,,,,,,,,,,,,,,,,,,,,,,,,,,,,,
way,1299038391,"POLYGON ((77.6863298 12.9814764, 77.6858765 12.9806282, 77.6855426 12.9807954, 77.6859349 12.9818135, 77.6861756 12.9817298, 77.6861179 12.9815756, 77.6863298 12.9814764))",,,,school,,Geetanjali Vidyalaya,ýýýýýýýýýýýýýýýýýýýýýýýý ýýýýýýýýýýýýýýýýýýýýýýýý,,,,,,,,,,,,,,,,,,,,,,,,,,,,,,,,,,,,,,,,,,,,,,,,,,,,,,,,,,,
way,1302227093,"POLYGON ((77.7349398 12.9661513, 77.7347611 12.9652462, 77.7352969 12.9651481, 77.7353686 12.9654162, 77.7355355 12.9659779, 77.7351315 12.966083, 77.7349398 12.9661513))",,,,school,,Glentree Academy School,,,,,,,,,,,,,,,,,,,,,,,,,,,,,,,,,,,,,,,,,,,,,,,,,,,,,,,,,,,,
way,1310982672,"POLYGON ((77.7546322 12.9974413, 77.7549165 12.9975276, 77.7551687 12.9984083, 77.7549487 12.9984789, 77.7546322 12.9974413))",,,,school,,,,,,,,,,,,,,,,,,,,,,,,,,,,,,,,,,,,,,,,,,,,,,,,,,,,,,,,,,,,,,
way,1314991499,"POLYGON ((77.7532327 12.985372, 77.7550438 12.9849228, 77.7546796 12.9841462, 77.7541575 12.9842977, 77.754069 12.9840089, 77.753267 12.984103, 77.7532308 12.9838142, 77.7526554 12.9838939, 77.752689 12.9840168, 77.7529961 12.9848165, 77.7532327 12.985372))",,,,school,,Divine Light Trust For The Blind,,,,,,,,,,,,,,,,,,,,,,,,,,,,,,,,,,,,,,,,,,,education,,,,,,,,,,,,,,,,,
way,1319576360,"POLYGON ((77.7034946 12.9718134, 77.7033766 12.9716095, 77.70442 12.9713233, 77.7053541 12.9711308, 77.7054802 12.971574, 77.704579 12.9717603, 77.7038213 12.9717971, 77.7034946 12.9718134))",,,,school,,,,,,,,,,,,,,,,,,,,,,,,,,,,,,,,,,,,,,,,,,,,,,,,,,,,,,,,,,,,,,
way,1320013891,"POLYGON ((77.6654303 12.9705528, 77.6650922 12.9706789, 77.6643626 12.9708431, 77.6645116 12.9717043, 77.6652651 12.9717912, 77.6655519 12.9715891, 77.6656693 12.9715064, 77.6659955 12.9714295, 77.6659387 12.9710777, 77.6656978 12.9711268, 77.6656532 12.9710909, 77.665585 12.9709567, 77.6655111 12.9707637, 77.6654303 12.9705528))",,,,hospital,,BEML Hospital,,,,,,,,,,,,,,,,,,,,,,,,,,,,,,,,,,,,,,,,,,,,,,,,,,,,,,,,,,,,
way,1347724899,"POLYGON ((77.7118744 12.9570192, 77.7123982 12.9571946, 77.7124374 12.9571229, 77.7127325 12.9566471, 77.7128895 12.9561727, 77.7120465 12.9562203, 77.7118744 12.9570192))",,,,hospital,,Sri Vishveshathirtha Memorial Hospital,,yes,hospital,,,,,,,,,,,,,,,,,,,,,,,,,SVM Hospital,,,,,,,,,,,,,,,,,,,,,,,,,,,,,,,,
way,1353870716,"POLYGON ((77.6928972 12.9966231, 77.6927155 12.9967023, 77.6927718 12.9970036, 77.6929603 12.99698, 77.6928972 12.9966231))",,,Whitefield Road,police,,Mahadevpura Police Station,ýýýýýýýýýýýýýýýýýýýýýýýýýýý ýýýýýýýýýýýýýýýýýý ýýýýýýýýýýýý,,,,,,,,,,,,,,,,,,,,,,,,,,,,,,,,,,,,,,,,,,,,,,,,,,,,,,,,,,,
way,1353870717,"POLYGON ((77.6938215 12.9965987, 77.6937608 12.9963214, 77.6933558 12.9964697, 77.6934129 12.9966635, 77.6938215 12.9965987))",,,,police,,,,,,,,,,,,,,,,,,,,,,,,,,,,,,,,,,,,,,,,,,,,,,,,,,,,,,,,,,,,,,
way,1360333231,"POLYGON ((77.7321382 13.0167819, 77.7319194 13.0161359, 77.7315782 13.0162321, 77.7318024 13.016875, 77.7321382 13.0167819))",,,,school,,,,,,,,,,,,,,,,,,,,,,,,,,,,,,,,,,,,,,,,,,,,,,,,,,,,,,,,,,,,,,
way,1360333232,"POLYGON ((77.7320682 13.0155298, 77.7316475 13.0157093, 77.7317807 13.0159876, 77.7322362 13.0158639, 77.7320682 13.0155298))",,,,school,,,,,,,,,,,,,,,,,,,,,,,,,,,,,,,,,,,,,,,,,,,,,,,,,,,,,,,,,,,,,,
way,1360924190,"POLYGON ((77.7529399 12.9701163, 77.7528808 12.9696987, 77.7536485 12.9694859, 77.7537513 12.9700212, 77.7529399 12.9701163))",,,,school,,Government School,ýýýýýýýýýýýýýýýýýýýýý ýýýýýýýýýýýý,,,,,,,,,,,,,,,,,,,,,,,,,,,,,,,,,,,,,,,,,,,,,,,,,,,,,,,,,,,
way,1360924191,"POLYGON ((77.7542522 12.9679158, 77.7546837 12.967873, 77.7546757 12.9676316, 77.754207 12.9676796, 77.7542522 12.9679158))",,,,school,,,,,,,,,,,,,,,,,,,,,,,,,,,,,,,,,,,,,,,,,,,,,,,,,,,,,,,,,,,,,,
way,1370147606,"POLYGON ((77.7355241 13.0338328, 77.7354169 13.0334239, 77.7349985 13.0335271, 77.7350616 13.0337803, 77.7351445 13.0338629, 77.7355241 13.0338328))",,,,school,,,,,,,,,,,,,,,,,,,,,,,,,,,,,,,,,,,,,,,,,,,,,,,,,,,,,,,,,,,,,,
way,1370147618,"POLYGON ((77.7389829 13.0306265, 77.7392578 13.0315947, 77.7397446 13.0313713, 77.7395099 13.0305037, 77.7389829 13.0306265))",,,,school,,,,,,,,,,,,,,,,,,,,,,,,,,,,,,,,,,,,,,,,,,,,,,,,,,,,,,,,,,,,,,
way,1395880704,"POLYGON ((77.6692615 13.0109057, 77.6698476 13.0108116, 77.6698253 13.0106682, 77.6701576 13.0106252, 77.6701617 13.0100083, 77.6691548 13.0101847, 77.66922 13.0105842, 77.6692615 13.0109057))",Bengaluru,560016,"Main road, Ramamurthy Nagar",school,,Jaigopal Garodia Rashtrotthana Vidya Kendra,,,,,,,,,,,,,,,,,,,,,https://rvkcbse.in/rm-nagar/index.html,,,,,,,,,,,,,,,,,,,,,,,,,,,,,,,,,,,,,,,
way,1410389516,"POLYGON ((77.6856727 13.0246915, 77.6879391 13.0239838, 77.6878479 13.0236258, 77.6872088 13.023803, 77.6864898 13.0240024, 77.6855627 13.0242595, 77.6856727 13.0246915))",,,,school,,,,,,,,,,,,,,,,,,,,,,,,,,,,,,,,,,,,,,,,,,,,,,,,,,,,,,,,,,,,,,
way,1411381105,"POLYGON ((77.6928638 13.0192681, 77.6928231 13.0187657, 77.6922578 13.0188093, 77.6922985 13.0193117, 77.6928638 13.0192681))",,,,school,,,,,,,,,,,,,,,,,,,,,,,,,,,,,,,,,,,,,,,,,,,,,,,,,,,,,,,,,,,,,,
way,1411408712,"POLYGON ((77.6738025 13.0196341, 77.6734082 13.0193826, 77.6728322 13.0197184, 77.6730435 13.0200496, 77.6738025 13.0196341))",,,,school,,Chaitanya E-Techno School,,,,,,,,,,,,,,,,,,,,,,,,,,,,,,,,,,,,,,,,,,,,,,,,,,,,,,,,,,,,
way,1412415472,"POLYGON ((77.6827215 13.0113446, 77.6820003 13.0111274, 77.6819766 13.0115638, 77.6820115 13.0117936, 77.6822058 13.0117745, 77.6826224 13.0117105, 77.6827215 13.0113446))",,,,school,,Government Higher Primary School,,,,,,,,,,,,,,,,,,,,,,,,,,,,,,,,,,,,,,,,,,,,,,,,,,,,,,,,,,,,
way,1412415497,"POLYGON ((77.6847204 13.0155562, 77.6854048 13.0154095, 77.6851049 13.0146518, 77.684856 13.0146166, 77.684805 13.0149052, 77.6849319 13.0149052, 77.6849183 13.0151622, 77.6847677 13.0151713, 77.6847777 13.0154192, 77.6847372 13.0154217, 77.6847204 13.0155562))",,,,school,,BNR Memorial School,,,,,,,,,,,,,,,,,,,,,,,,,,,,,,,,,,,,,,,,,,,,,,,,,,,,,,,,,,,,
way,1413065964,"POLYGON ((77.6798891 13.0120843, 77.6795176 13.0121921, 77.679405 13.0122476, 77.6794566 13.012341, 77.6797543 13.0127598, 77.6799904 13.0128957, 77.6801124 13.012786, 77.6798891 13.0120843))",,,"1st Main Road, Manjunatha Layout",school,,"St. Anthony's Primary, Middle and Girls High School",,,,,,,,,,,,,,,,,,,,,,,,,Mo-Fr 09:00-15:30; Sa 09:00-12:30,,,,,,,,,,,,,,,,,,,,,,,,,,,,,,,,,,,
way,1414809488,"POLYGON ((77.6781035 13.0354764, 77.6776046 13.0354503, 77.6776019 13.035777, 77.6776193 13.0361075, 77.6781235 13.0361767, 77.6781035 13.0354764))",,,,school,,,,,,,,,,,,,,,,,,,,,,,,,,,,,,,,,,,,,,,,,,,,,,,,,,,,,,,,,,,,,,
way,1414809669,"POLYGON ((77.6885627 13.0364577, 77.6877473 13.0362761, 77.6876297 13.0366189, 77.6875958 13.0367177, 77.6882569 13.0368758, 77.6882717 13.0367948, 77.6884232 13.0368326, 77.6885627 13.0364577))",,,,school,,,,,,,,,,,,,,,,,,,,,,,,,,,,,,,,,,,,,,,,,,,,,,,,,,,,,,,,,,,,,,
way,1415079193,"POLYGON ((77.6688901 13.024466, 77.6686111 13.0247848, 77.6695959 13.0259476, 77.6698184 13.0256334, 77.6699643 13.0254276, 77.6688901 13.024466))",,,,school,07-07-2025,Sri Chaitanya Techno School,ýýýýýýýýýýýý ýýýýýýýýýýýýýýýýýý ýýýýýýýýýýýýýýýýýý ýýýýýýýýýýýý,,,,,,,,,,,,Sri Chaitanya Techno School,,,private,,,,,,,,,,,,,,,,,,,,,,,,,,,,,,,,,,,,,,,,,,,,
way,1415079194,"POLYGON ((77.6692508 13.0240348, 77.6688901 13.024466, 77.6699643 13.0254276, 77.6703478 13.0248945, 77.6692508 13.0240348))",,,,school,,,,,,,,,,,,,,,,,,,,,,,,,,,,,,,,,,,,,,,,,,,,,,,,,,,,,,,,,,,,,,
way,1415083462,"POLYGON ((77.6834249 13.0316639, 77.6841827 13.0316025, 77.684125 13.0302659, 77.6833418 13.0303142, 77.6834249 13.0316639))",,,,school,,,,,,,,,,,,,,,,,,,,,,,,,,,,,,,,,,,,,,,,,,,,,,,,,,,,,,,,,,,,,,
way,1415083463,"POLYGON ((77.687007 13.0284746, 77.6861688 13.0286497, 77.6863392 13.0290612, 77.6867777 13.0289384, 77.6869038 13.0290939, 77.6871009 13.0290495, 77.687007 13.0284746))",,,,school,,,,,,,,,,,,,,,,,,,,,,,,,,,,,,,,,,,,,,,,,,,,,,,,,,,,,,,,,,,,,,
way,1415322381,"POLYGON ((77.6942305 13.034326, 77.6940115 13.0334008, 77.6932713 13.0335767, 77.6934578 13.0345227, 77.6935248 13.034524, 77.6935959 13.0348898, 77.6941042 13.0347748, 77.6940311 13.03436, 77.6942305 13.034326))",,,,school,,,,,,,,,,,,,,,,,,,,,,,,,,,,,,,,,,,,,,,,,,,,,,,,,,,,,,,,,,,,,,
way,1415322435,"POLYGON ((77.6980108 13.0342418, 77.6982374 13.0347748, 77.6983219 13.0348924, 77.6987712 13.0351655, 77.6988168 13.0352883, 77.6991668 13.0354059, 77.6995128 13.0354333, 77.6995532 13.034269, 77.6980108 13.0342418))",,,,school,,Birla Open Minds International School,,,,,,,,,,,,,,,,,,,,,,,,,,,,,,,,,,,,,,,,,,,education,,,,,,,,,,,,,,,,,
way,1415343635,"POLYGON ((77.6885253 13.0315646, 77.6883253 13.0316156, 77.6883468 13.0316685, 77.6881911 13.0317211, 77.6882368 13.0318249, 77.688361 13.0320978, 77.6887512 13.0319259, 77.6885253 13.0315646))",,,,school,,,,,,,,,,,,,,,,,,,,,,,,,,,,,,,,,,,,,,,,,,,,,,,,,,,,,,,,,,,,,,
way,1421739089,"POLYGON ((77.7043435 13.0285791, 77.704192 13.0290847, 77.7053547 13.0293983, 77.705411 13.0289841, 77.7056819 13.0290508, 77.70571 13.0288823, 77.7054468 13.0287662, 77.7054623 13.0285761, 77.7053157 13.0285462, 77.7052889 13.0287394, 77.7043435 13.0285791))",,,,school,,,,,,,,,,,,,,,,,,,,,,,,,,,,,,,,,,,,,,,,,,,,,,,,,,,,,,,,,,,,,,
way,1421739175,"POLYGON ((77.701377 13.0210779, 77.7019362 13.0210492, 77.7019738 13.0206389, 77.7017424 13.0205961, 77.7017416 13.0205293, 77.7014212 13.0204392, 77.7013636 13.0207473, 77.7014387 13.0207656, 77.701377 13.0210779))",,560036,,hospital,,Shanthinilaya Hospital,,,,,,Bengaluru Urban,"K.R.Puram, Battarahalli, Bengaluru",Karnataka,,Local Knowledge,,,,,,,,,,,,,,,,,,,,,,,,,,,,,,,,,,,,,,,,,,,,,,,,,,
way,1423887067,"POLYGON ((77.6661112 13.0201891, 77.665125 13.020372, 77.665163 13.0205661, 77.6661492 13.0203832, 77.6661112 13.0201891))",,,,school,,,,,,,,,,,,,,,,,,,,,,,,,,,,,,,,,,,,,,,,,,,,,,,,,,,,,,,,,,,,,,
way,1424040539,"POLYGON ((77.6698348 13.0179393, 77.669263 13.018112, 77.6693503 13.0184527, 77.6700212 13.0182283, 77.6698348 13.0179393))",,,,school,,,,,,,,,,,,,,,,,,,,,,,,,,,,,,,,,,,,,,,,,,,,,education,,,,,,,,,,,,,,,,,
way,1426072434,"POLYGON ((77.6911564 13.039933, 77.6909687 13.0399435, 77.6909579 13.0403616, 77.691102 13.0403769, 77.6911538 13.0403798, 77.6911564 13.039933))",,,,school,,,,,,,,,,,,,,,,,,,,,,,,,,,,,,,,,,,,,,,,,,,,,,,,,,,,,,,,,,,,,,
way,1429161298,"POLYGON ((77.7178431 13.009322, 77.7189048 13.0091142, 77.7188502 13.0087078, 77.718012 13.0088359, 77.7178135 13.0088803, 77.7178431 13.009322))",,,,school,,Mar Thoma School,ýýýýýýýýýýýý ýýýýýýýýý ýýýýýýýýýýýý,,,,,,,,,,,,,,,,,,,,,,,,,,,,,,,,,,,,,,,,,,,,,,,,,,,,,,,,,,,
way,1429161354,"POLYGON ((77.7057867 13.0093635, 77.7059743 13.0093337, 77.7058455 13.008338, 77.7057691 13.0077069, 77.7052099 13.0077971, 77.7052557 13.0083494, 77.7052742 13.0083485, 77.7052915 13.0087345, 77.7056739 13.0086686, 77.7057867 13.0093635))",,,,school,,Indus Valley College,,,,,,,,,,,,,,,,,,,,,,,,,,,,,,,,,,,,,,,,,,,,,,,,,,,,,,,,,,,,
way,1429161430,"POLYGON ((77.7052742 13.0083485, 77.7052557 13.0083494, 77.7049738 13.0083642, 77.7050208 13.0092396, 77.7051066 13.0092279, 77.7051508 13.0095323, 77.7055639 13.0094579, 77.7055331 13.0092592, 77.7053158 13.0092775, 77.7052915 13.0087345, 77.7052742 13.0083485))",,,,school,,Guntur Oxford School,,,,,,,,,,,,,,,,,,,,,,,,,,,,,,,,,,,,,,,,,,,,,,,,,,,,,,,,,,,,
way,1432357757,"POLYGON ((77.7179329 12.9671994, 77.7180281 12.9671975, 77.7180211 12.9668727, 77.7179259 12.9668747, 77.7179329 12.9671994))",,,,hospital,,Mahanandi,ýýýýýýýýýýýýýýýýýýýýý ýýýýýýýýýýýýýýýýýýýýýýýý,,,,,,,,,,yes,,,,,,,,,,,,,,,,,,,,,,,,hospital,,,,,,,,,,,,,,,,,,,,,,,,,
way,1432363480,"POLYGON ((77.7293538 13.0069215, 77.728824 13.0071921, 77.7292237 13.00772, 77.7295777 13.0075788, 77.7295446 13.0074824, 77.7293538 13.0069215))",,,,school,,,,,,,,,,,,,,,,,,,,,,,,,,,,,,,,,,,,,,,,,,,,,,,,,,,,,,,,,,,,,,
way,1433298945,"POLYGON ((77.6917004 12.9783453, 77.6923063 12.9784539, 77.6921996 12.9776515, 77.6916078 12.9776759, 77.6917004 12.9783453))",,,,school,08-03-2025,Vibgyor Roots And Rise School,,,,,,,,,,survey,,,,,,,,,,+91 80 4934 2000; +91 96866 91166,https://www.vibgyorrise.com/school/doddanekkundi-cbse,support.vi15134@vgos.org,,,,,,,,,,,,,,,,,,,,,education,,,,,,,,,,,,,,,,,
way,1443406415,"POLYGON ((77.6937193 13.0081904, 77.694068 13.0081564, 77.69384 13.0075527, 77.6935664 13.007652, 77.6937193 13.0081904))","K.R Puram, Bangalore",,Old Madras Road,police,,KR Puram Traffic Police Station,ýýýýýýýýýýýýýýý ýýýýýýýýýýýýýýýýýýýýýýýý ýýýýýýýýýýýý,,,,,,,,,,,,,,,,,,,,,,,,,,,,,,,,,,,,,,,,,,,,,,,,,,,,,,,,,,,
way,1443894895,"POLYGON ((77.6781765 12.9732111, 77.6774356 12.9734085, 77.6775208 12.9736708, 77.6782587 12.97348, 77.6782502 12.9734522, 77.6781765 12.9732111))",,,,school,,Hayagriva Girls' School,,,,,,,,,,,,,,,,,,,,,,,,,,,,,,,,,,,,,,,,,,,education,,,,,,,,,,,,,,,,,
way,1443942873,"POLYGON ((77.6818456 12.9710576, 77.6827205 12.9711301, 77.6826696 12.9708574, 77.682672 12.9707962, 77.6826911 12.9703004, 77.6820707 12.9702718, 77.6820501 12.9703166, 77.6822938 12.9703261, 77.6822713 12.9710119, 77.6818485 12.9709928, 77.6818456 12.9710576))",,,,school,,Sri Chaitanya Future Pathways Global School,,,,,,,,,,,,,,,,,,,,,,,,,,,,,,,,,,,,,,,,,,,,,,,,,,,,,,,,,,,,
way,1444260395,"POLYGON ((77.6774048 12.9796986, 77.6778157 12.979561, 77.6777609 12.9792283, 77.6772857 12.979407, 77.6774048 12.9796986))",,,,school,,,,,,,,,,,,,,,,,,,,,,,,,,,,,,,,,,,,,,,,,,,,,,,,,,,,,,,,,,,,,,
way,1445950447,"POLYGON ((77.6772802 12.9827096, 77.6772725 12.9824713, 77.677022 12.9824237, 77.6769707 12.9824283, 77.6769982 12.9826585, 77.6770238 12.9827305, 77.6772802 12.9827096))",Bengalore,560093,"19th Cross, Kaggadasapura",school,,Government Primary School,ýýýýýýýýýýýýýýýýýýýýý ýýýýýýýýýýýýýýýýýýýýýýýý ýýýýýýýýýýýý,,,,,,,,,,,,,BBMP,,,,,,,,,,,,,,,,,,,,,,,,,,2,,,education,,,,,,,,,,,,,,,,,
way,1445950806,"POLYGON ((77.6771973 12.9842856, 77.6773671 12.9842574, 77.6773107 12.9839358, 77.6771409 12.9839641, 77.6771973 12.9842856))",,,Kaggadasspura Main Road,school,,Saraswati Vidya Mandir,ýýýýýýýýýýýýýýýýýýýýý ýýýýýýýýýýýýýýý ýýýýýýýýýýýýýýý,,,,,,,,,,,,,,,,,,,,,,,,,,,,,,,,,,,,,,,,,,,,,,,,,,,,,,,,,,,
way,1449595456,"POLYGON ((77.6794649 12.9647908, 77.6791267 12.9649484, 77.6792075 12.9651176, 77.6791873 12.9651281, 77.6791968 12.9651721, 77.679259 12.9651576, 77.6794091 12.965481, 77.6794983 12.9654381, 77.6795108 12.9654885, 77.6797747 12.9654383, 77.6795715 12.9650226, 77.6794649 12.9647908))",,,,school,,,,,,,,,,,,,,,,,,,,,,,,,,,,,,,,,,,,,,,,,,,,,education,,,,,,,,,,,,,,,,,
way,1452396099,"POLYGON ((77.6857558 12.9945534, 77.6858805 12.9947442, 77.6864438 12.9944175, 77.6862818 12.9942186, 77.6857558 12.9945534))",,,,school,,St. Theresa School,,,,,,,,,,,,,,,,,,,,,,,,,,,,,,,,,,,,,,,,,,,,,,,,,,,,,,,,,,,,
way,1454051715,"POLYGON ((77.7566988 12.982223, 77.7570167 12.9821023, 77.7570918 12.9822931, 77.7574593 12.9822042, 77.7571052 12.9809575, 77.7563516 12.9812475, 77.7566988 12.982223))","Whitefield, Bangalore",560066,Channasandra Main Road,school,,Whitefield Global School,,,,,,,,,,,,,,,,,,,,,,,,,,,,,,,,,,,,,,,,,,,,,,,,,,,,,,,,,,,,
way,1456248482,"POLYGON ((77.7464783 13.0200914, 77.7471489 13.0200574, 77.747114 13.0195217, 77.7465883 13.0195243, 77.7464783 13.0200914))",,,,school,,,,,,,,,,,,,,,,,,,,,,,,,,,,,,,,,,,,,,,,,,,,,,,,,,,,,,,,,,,,,,
way,1456405519,"POLYGON ((77.735652 13.0369726, 77.7350744 13.0371544, 77.7352561 13.0377024, 77.7351782 13.0378792, 77.735779 13.0378086, 77.735838 13.0375421, 77.735652 13.0369726))",,,,school,,,,,,,,,,,,,,,,,,,,,,,,,,,,,,,,,,,,,,,,,,,,,,,,,,,,,,,,,,,,,,
way,1456924471,"POLYGON ((77.7146137 13.0332697, 77.7145801 13.0329248, 77.7140692 13.0333298, 77.7142408 13.0335545, 77.7146137 13.0332697))",,,,school,,St. Gaspar Vidyalaya,,,,,,,,,,,,,,,,,,,,,,,,,,,,,,,,,,,,,,,,,,,,,,,,,,,,,,,,,,,,
way,1491389273,"POLYGON ((77.678497 12.9902364, 77.6786325 12.9908781, 77.6788593 12.9908321, 77.678731 12.9902297, 77.678497 12.9902364))",,,,school,,,,,,,,,,,,,,,,,,,,,,,,,,,,,,,,,,,,,,,,,,,,,,,,,,,,,,,,,,,,,,
way,1493374059,"POLYGON ((77.6951475 12.9925201, 77.6956116 12.9923659, 77.6956518 12.9924377, 77.695747 12.9924038, 77.6956384 12.9921228, 77.6957363 12.9920888, 77.6955713 12.9917151, 77.6951408 12.9919346, 77.6950067 12.9919908, 77.6951475 12.9925201))",,,,school,,,,,,,,,,,,,,,,,,,,,,,,,,,,,,,,,,,,,,,,,,,,,,,,,,,,,,,,,,,,,,
way,1506885655,"POLYGON ((77.6914139 13.0282302, 77.6917773 13.0281597, 77.6917063 13.0277246, 77.6913254 13.0277938, 77.6914139 13.0282302))",,,,school,,Mother Theresa Memorial School,,,,,,,,,,,,,,,,,,,,,,,,,,,,,,,,,,,,,,,,,,,education,,,,,,,,,,,,,,,,,
way,1506956614,"POLYGON ((77.7032921 13.0366458, 77.7036595 13.036557, 77.7036515 13.0365183, 77.703426 13.0354339, 77.7033243 13.0349447, 77.7029568 13.0350623, 77.7032921 13.0366458))",,,,school,,Christ International School,,,,,,,,,,,,,,,,,,,,,,,,,,,,,,,,,,,,,,,,,,,education,,,,,,,,,,,,,,,,,
way,1511814372,"POLYGON ((77.7342069 12.9884636, 77.734215 12.9882652, 77.7337056 12.9882286, 77.7334595 12.9897065, 77.7339111 12.9897773, 77.7342043 12.9885266, 77.7342069 12.9884636))",,560048,,hospital,,Aster Whitefield Hospital,,,hospital,,,Bengaluru Urban,"Plot No.3 and 4, Sadaramangala Industrial Area, Near Itpl",Karnataka,,,,,,,,private,,,,,,,,,,,,,,,,,,,,,,,,,,,commercial,,,,,,,,,,,,,,,,,
way,1523628124,"POLYGON ((77.7144869 13.0281761, 77.7149972 13.0280591, 77.7148417 13.0275547, 77.714721 13.0274424, 77.7147022 13.027398, 77.7143562 13.027479, 77.7143864 13.0277462, 77.7144869 13.0281761))",,,,school,,Princeton Public School,,,,,,,,,,,,,,,,,,,,,,,,,,,,,,,,,,,,,,,,,,,education,,,,,,,,,,,,,,,,,
way,1523903484,"POLYGON ((77.7059013 13.0205821, 77.7052099 13.02078, 77.7051951 13.0209747, 77.7054512 13.0210139, 77.705749 13.0210152, 77.7060219 13.0209813, 77.7059013 13.0205821))",,,Thambuchettypalya Main Road,school,,Indus Valley School,,,,,,,,,,,,,Indus Valley School,,,,,,,,,,,,,,,,,,,,,,,,,,,,,,,,,,,,,,,,,,,,,,,
way,1526189630,"POLYGON ((77.7120408 13.0150595, 77.7123144 13.015104, 77.7124123 13.0151013, 77.7124109 13.0148975, 77.7124192 13.0148843, 77.7124297 13.0148727, 77.7124498 13.0148583, 77.7127723 13.0148642, 77.7127992 13.0144761, 77.712024 13.0145663, 77.7120408 13.0150595))",,,,school,,,,,,,,,,,,,,,,,,,,,,,,,,,,,,,,,,,,,,,,,,,,,,,,,,,,,,,,,,,,,,
way,1528477573,"POLYGON ((77.7130499 13.0039344, 77.7136897 13.0039279, 77.7136816 13.0034183, 77.7136199 13.0034222, 77.7130178 13.0035464, 77.7130499 13.0039344))",,,,school,,,,,,,,,,,,,,,,,,,,,,,,,,,,,,,,,,,,,,,,,,,,,,,,,,,,,,,,,,,,,,
way,1530102520,"POLYGON ((77.6995833 12.9861676, 77.6995035 12.9859299, 77.6993375 12.9859547, 77.6993841 12.9862031, 77.6995833 12.9861676))",,,,school,,,,,,,,,,,,,,,,,,,,,,,,,,,,,,,,,,,,,,,,,,,,,,,,,,,,,,,,,,,,,,
way,1530398624,"POLYGON ((77.7047709 13.0012261, 77.704854 13.0017165, 77.7053336 13.0016394, 77.7052505 13.0011489, 77.7047709 13.0012261))",,,,school,,Sri Krishna High School and PU College,,,,,,,,,,,,,,,,,,,,,,,,,,,,,,,,,,,,,,,,,,,,,,,,,,,,,,,,,,,,
way,1532306143,"POLYGON ((77.698216 13.0131191, 77.6973282 13.0127141, 77.6973778 13.0132759, 77.697833 13.013239, 77.6978539 13.0133988, 77.6979917 13.0133787, 77.6981141 13.0133609, 77.6980973 13.0132126, 77.6981939 13.0132067, 77.698216 13.0131191))",,,,school,,,,,,,,,,,,,,,,,,,,,,,,,,,,,,,,,,,,,,,,,,,,,,,,,,,,,,,,,,,,,,
way,1550281250,"POLYGON ((77.7184481 12.9847979, 77.7184519 12.9846414, 77.7183661 12.9846689, 77.7182992 12.9843807, 77.7178393 12.984542, 77.7178486 12.98481, 77.7184481 12.9847979))","Hoodi, Mahadevapura, Bangalore",560048,Basava Nagar Main Road,school,,SM English School,,,,,,,,,,,,,,,,,,,,,,,,,,,,,,,,,,,,,,,,,,,,,,,,,,,,,,,,,,,,
